body_0_angvel_x,body_0_angvel_y,body_0_angvel_z
-0.189335,-0.052375,0.094501
-0.168075,-0.036307,0.066853
-0.125557,-0.004237,0.011517
-0.053164,-0.001714,0.014442
-0.016967,-0.000446,0.015905
-0.000643,0.017216,-0.035871
-0.001319,0.019630,-0.027144
-0.002666,0.024458,-0.009689
-0.000180,0.022319,-0.015813
0.001062,0.021249,-0.018875
0.005889,0.029543,-0.003506
0.006064,0.024574,-0.013790
0.006407,0.014635,-0.034358
0.010267,0.026027,-0.019135
0.012200,0.031722,-0.011524
0.013306,0.026391,-0.020541
0.012400,0.029691,-0.019266
0.010592,0.036291,-0.016714
0.010110,0.022199,-0.025405
0.009867,0.015153,-0.029752
-0.007357,0.030319,0.029066
-0.004417,0.022896,0.014494
0.001458,0.008051,-0.014651
0.003486,0.022820,-0.010788
0.004501,0.030203,-0.008856
-0.000085,0.008691,-0.007864
-0.004424,0.006565,-0.007847
-0.013102,0.002312,-0.007812
-0.013146,0.006535,0.017483
-0.013167,0.008648,0.030130
0.015634,-0.000428,-0.055407
0.011283,-0.001733,-0.045127
0.002580,-0.004342,-0.024566
-0.006479,0.001490,-0.008753
-0.011008,0.004407,-0.000846
0.027038,0.025414,-0.017242
0.011243,0.015235,0.002407
-0.020340,-0.005127,0.041708
-0.004561,-0.000808,0.008565
0.003328,0.001352,-0.008006
-0.015236,0.001731,0.046103
-0.005890,0.008274,0.032724
0.012796,0.021365,0.005963
-0.002704,0.008050,0.001286
-0.010454,0.001393,-0.001051
-0.003194,0.019118,-0.011534
-0.000937,0.018707,-0.015138
0.003577,0.017883,-0.022346
-0.006378,-0.013273,-0.009394
-0.011359,-0.028850,-0.002918
-0.000943,-0.011079,-0.006798
-0.000332,-0.006993,-0.007865
0.000891,0.001179,-0.009999
0.006425,0.004201,-0.010856
0.009192,0.005712,-0.011284
-0.013094,0.007805,-0.015881
-0.002826,0.003712,-0.023958
0.017706,-0.004481,-0.040113
0.008531,0.001637,-0.023507
0.003944,0.004696,-0.015203
0.011280,0.008249,-0.034092
0.012709,0.011455,-0.030925
0.015570,0.017864,-0.024593
0.016543,0.012795,-0.031000
0.017028,0.010262,-0.034205
0.021512,0.006497,-0.007818
0.023877,0.001866,-0.013815
0.028608,-0.007395,-0.025812
0.010956,-0.005709,-0.004421
0.002129,-0.004867,0.006273
-0.002689,0.010701,0.008805
-0.004911,0.011834,0.002600
-0.009358,0.014100,-0.009809
-0.003057,0.009530,0.008023
0.000094,0.007245,0.016938
-0.007098,0.017683,0.006830
-0.012632,0.010317,0.004668
-0.023699,-0.004416,0.000345
-0.019925,-0.001992,0.016875
-0.018038,-0.000777,0.025139
0.007362,0.006498,0.002305
-0.000893,0.008240,0.006926
-0.017402,0.011722,0.016169
-0.026608,0.003531,0.018528
-0.031210,-0.000564,0.019709
-0.007515,0.018171,0.022149
-0.010887,0.007676,0.023936
-0.017627,-0.013316,0.027513
-0.016562,0.010449,0.023795
-0.016033,0.022331,0.021934
-0.012284,-0.003404,0.026660
-0.015884,-0.003268,0.034376
-0.023084,-0.002995,0.049809
-0.020530,-0.000613,0.032549
-0.019253,0.000576,0.023919
-0.009733,-0.020770,0.022677
-0.006574,-0.018218,0.011008
-0.000252,-0.013116,-0.012330
0.002614,-0.021890,-0.009806
0.004047,-0.026277,-0.008543
-0.016092,-0.024340,0.032196
-0.007822,-0.029649,0.018450
0.008728,-0.040267,-0.009038
-0.003787,-0.028581,0.005524
-0.010046,-0.022739,0.012804
0.021300,-0.043547,-0.030965
0.010256,-0.032592,-0.016215
-0.011838,-0.010682,0.013282
-0.002994,-0.014307,0.008557
0.001429,-0.016119,0.006196
-0.003000,-0.025306,0.002346
-0.001150,-0.024500,0.002160
0.002550,-0.022887,0.001789
-0.007190,-0.017722,0.019990
-0.012062,-0.015139,0.029090
-0.004215,-0.024972,0.015863
-0.011163,-0.015866,0.016066
-0.025061,0.002346,0.016468
-0.015555,-0.009442,0.006372
-0.010801,-0.015336,0.001326
-0.027912,-0.043680,0.047290
-0.024115,-0.035352,0.034304
-0.016517,-0.018699,0.008331
-0.026598,-0.012900,0.043884
-0.031643,-0.009997,0.061659
-0.009273,-0.008685,0.006202
-0.008484,-0.003959,0.021756
-0.006911,0.005498,0.052862
-0.010942,-0.001254,0.028447
-0.012957,-0.004632,0.016239
-0.013791,0.007652,0.038580
-0.011548,0.009274,0.031124
-0.007064,0.012518,0.016210
-0.022867,-0.009037,0.034628
-0.030766,-0.019815,0.043838
-0.007320,-0.007672,-0.001612
-0.002437,-0.007517,-0.015889
0.007331,-0.007208,-0.044442
-0.016074,-0.000645,0.000485
-0.027776,0.002640,0.022949
-0.016596,-0.013404,0.009197
-0.014687,-0.017628,0.001241
-0.010866,-0.026079,-0.014668
-0.015450,-0.021418,-0.010401
-0.017742,-0.019087,-0.008268
-0.029593,-0.018220,0.028786
-0.023622,-0.018135,0.014176
-0.011675,-0.017968,-0.015043
-0.003624,-0.013166,0.003653
0.000400,-0.010764,0.013001
-0.021792,-0.010320,0.021454
-0.026739,-0.007375,0.030379
-0.036638,-0.001482,0.048228
-0.029665,-0.014995,0.024970
-0.026175,-0.021754,0.013343
0.004950,0.004073,-0.020124
0.002500,-0.015310,-0.021369
-0.002408,-0.054074,-0.023861
-0.008352,-0.010658,-0.009481
-0.011323,0.011052,-0.002293
-0.001059,-0.011403,-0.015230
0.000106,-0.010789,-0.012510
0.002437,-0.009562,-0.007071
0.002857,-0.010900,-0.014490
0.003067,-0.011568,-0.018200
-0.016460,-0.014624,-0.028071
-0.002020,-0.017665,-0.039604
0.026862,-0.023760,-0.062664
0.014066,0.005408,-0.044555
0.007676,0.019993,-0.035498
-0.002452,-0.009505,-0.036158
-0.002412,-0.002451,-0.034951
-0.002326,0.011656,-0.032536
0.008247,0.010593,-0.040752
0.013532,0.010060,-0.044861
-0.002677,-0.001122,-0.036972
0.002705,-0.003089,-0.038774
0.013468,-0.007026,-0.042378
0.007755,-0.005050,-0.014841
0.004898,-0.004062,-0.001072
0.004551,-0.022043,-0.021182
0.004293,-0.016308,-0.023483
0.003778,-0.004837,-0.028083
0.006487,-0.006555,-0.007252
0.007840,-0.007415,0.003164
-0.003733,-0.014739,-0.069721
-0.002142,-0.012406,-0.040445
0.001035,-0.007739,0.018107
-0.004629,-0.005385,-0.041334
-0.007459,-0.004208,-0.071055
-0.008110,-0.010393,0.002576
-0.004377,-0.007615,-0.009631
0.003092,-0.002060,-0.034045
-0.001640,-0.011685,-0.004819
-0.004008,-0.016498,0.009794
-0.000711,-0.000204,-0.053017
0.004979,-0.004143,-0.049065
0.016354,-0.012029,-0.041161
-0.000206,0.000179,-0.031585
-0.008485,0.006286,-0.026797
0.011941,0.005784,-0.024618
0.002108,0.004022,-0.025963
-0.017560,0.000504,-0.028653
0.007429,-0.005407,-0.020909
0.019923,-0.008365,-0.017036
-0.022793,0.004095,-0.039551
-0.017749,0.002926,-0.015676
-0.007661,0.000596,0.032074
-0.017124,0.000814,-0.010200
-0.021857,0.000919,-0.031337
-0.033435,0.003820,0.053189
-0.024622,0.001755,0.021576
-0.006994,-0.002385,-0.041649
0.007569,0.003355,-0.036218
0.014852,0.006222,-0.033502
-0.000305,0.013212,0.005079
-0.004087,0.005242,0.018189
-0.011647,-0.010697,0.044409
-0.002053,-0.002728,0.010306
0.002745,0.001256,-0.006746
-0.012340,-0.002037,0.030358
-0.007391,0.001335,0.029380
0.002505,0.008081,0.027424
0.002912,0.013733,0.014638
0.003115,0.016560,0.008246
0.011111,0.029960,0.014895
0.006561,0.024288,0.010726
-0.002541,0.012942,0.002391
0.008558,0.011731,-0.015609
0.014106,0.011126,-0.024610
0.006466,0.031033,-0.016215
0.000973,0.029549,-0.011591
-0.010010,0.026584,-0.002341
-0.017663,0.009035,0.003052
-0.021489,0.000260,0.005751
-0.008901,0.007787,-0.063816
-0.011381,0.007193,-0.057344
-0.016341,0.006008,-0.044400
-0.007499,0.010743,0.013055
-0.003075,0.013113,0.041782
-0.005518,0.023693,-0.037301
-0.004611,0.017925,-0.029857
-0.002796,0.006387,-0.014970
-0.006270,-0.013915,-0.025479
-0.008009,-0.024065,-0.030734
-0.008950,-0.016642,0.013976
-0.017146,-0.017602,0.002825
-0.033533,-0.019526,-0.019480
0.003889,-0.007330,-0.015213
0.022600,-0.001235,-0.013078
-0.000503,-0.019660,0.014471
-0.013173,-0.017651,0.005196
-0.038509,-0.013637,-0.013358
-0.004740,-0.018013,0.019041
0.012142,-0.020197,0.035243
-0.017442,-0.000648,-0.019603
-0.007826,-0.005097,-0.019992
0.011402,-0.014000,-0.020770
-0.000004,-0.008952,0.008153
-0.005708,-0.006429,0.022614
0.001992,0.005307,0.005582
-0.003292,0.004154,0.012279
-0.013860,0.001847,0.025674
-0.004313,0.000298,0.002546
0.000461,-0.000477,-0.009017
-0.012621,0.003664,0.004900
-0.010286,0.006431,0.006836
-0.005617,0.011966,0.010709
0.001787,-0.002898,-0.036577
0.005487,-0.010331,-0.060220
0.003238,0.007720,-0.056137
-0.000815,0.004366,-0.045724
-0.008924,-0.002340,-0.024899
0.003037,0.015235,-0.029241
0.009019,0.024021,-0.031413
-0.004765,0.014929,-0.015425
0.001970,0.010688,-0.017786
0.015439,0.002203,-0.022511
-0.009439,0.018113,0.026860
-0.021875,0.026067,0.051547
0.003183,-0.004475,-0.052355
0.009023,-0.001218,-0.046854
0.020706,0.005289,-0.035852
0.005039,0.019030,-0.006322
-0.002791,0.025900,0.008445
-0.006905,-0.005408,-0.000994
-0.002645,0.004888,-0.001920
0.005878,0.025481,-0.003775
0.005448,0.012976,-0.011654
0.005231,0.006723,-0.015594
-0.000804,0.013183,-0.006949
-0.000165,0.014609,-0.004130
0.001114,0.017463,0.001508
-0.001475,0.004246,0.005633
-0.002769,-0.002363,0.007696
0.013963,0.008587,-0.023492
0.003917,0.011395,-0.010234
-0.016171,0.017012,0.016285
-0.007469,0.004098,0.013120
-0.003117,-0.002359,0.011538
0.003755,0.019174,0.025645
0.005604,0.016090,0.020945
0.009302,0.009922,0.011545
0.002979,0.013215,0.015490
-0.000182,0.014861,0.017463
0.002082,0.009034,0.034323
0.002355,-0.000011,0.021117
0.002904,-0.018102,-0.005294
0.011257,0.007280,0.010301
0.015432,0.019971,0.018100
0.006194,0.013685,0.024954
0.006426,0.008108,0.029615
0.006895,-0.003045,0.038936
-0.005758,0.008152,0.019299
-0.012086,0.013748,0.009481
0.016348,0.022842,-0.013169
0.011561,0.015358,-0.008218
0.001986,0.000391,0.001684
0.010253,0.008460,-0.016477
0.014387,0.012495,-0.025557
-0.001091,0.026823,0.002048
0.000116,0.020593,0.004781
0.002532,0.008132,0.010247
-0.013114,-0.001750,-0.030677
-0.020939,-0.006692,-0.051138
-0.001034,0.022726,0.013932
-0.004457,0.017089,0.014624
-0.011300,0.005813,0.016009
-0.004321,0.015126,-0.007732
-0.000833,0.019782,-0.019604
0.010185,0.024899,-0.022964
0.003905,0.017451,-0.014864
-0.008656,0.002557,0.001337
0.002520,0.014747,0.011854
0.008109,0.020842,0.017112
-0.002020,0.017541,-0.022378
0.000614,0.012035,-0.027824
0.005879,0.001022,-0.038717
0.005460,0.020165,-0.015853
0.005254,0.029735,-0.004421
0.004707,0.041432,0.017207
-0.000640,0.029686,0.002040
-0.011341,0.006192,-0.028290
-0.004307,0.021931,0.002206
-0.000787,0.029801,0.017452
-0.005020,0.026525,0.019244
-0.000865,0.027979,0.011172
0.007438,0.030888,-0.004974
0.006795,0.024963,0.011757
0.006476,0.022000,0.020123
0.007000,0.028614,0.025078
0.009242,0.035807,0.020308
0.013719,0.050196,0.010769
0.007891,0.034000,0.011624
0.004979,0.025902,0.012052
-0.008098,0.053263,0.011396
0.002385,0.058975,0.009845
0.023349,0.070400,0.006729
0.004451,0.063523,0.027598
-0.004990,0.060081,0.038038
0.027021,0.013983,-0.003183
0.018250,0.040857,0.002416
0.000709,0.094602,0.013631
-0.000184,0.082372,0.037741
-0.000618,0.076257,0.049796
0.034591,0.079060,0.014452
0.024274,0.072026,0.018432
0.003650,0.057952,0.026404
-0.007468,0.053308,0.041981
-0.013021,0.050984,0.049773
-0.000191,0.093427,0.067012
0.001272,0.071735,0.062025
0.004217,0.028354,0.052050
0.009818,0.061339,0.032857
0.012607,0.077834,0.023260
0.003380,0.072949,0.045274
0.003496,0.065465,0.035991
0.003721,0.050497,0.017426
0.015143,0.053076,0.007880
0.020851,0.054366,0.003105
0.000351,0.060580,0.068205
-0.001706,0.068194,0.055268
-0.005845,0.083418,0.029398
-0.000334,0.082143,0.030774
0.002423,0.081506,0.031460
0.002291,0.073321,0.037983
0.005508,0.062596,0.029145
0.011938,0.041149,0.011464
0.014688,0.047399,0.030636
0.016068,0.050523,0.040222
0.003712,0.033359,0.024408
0.003739,0.043554,0.030741
0.003792,0.063944,0.043409
0.018377,0.053642,0.044258
0.025673,0.048495,0.044678
0.020604,0.064011,0.003155
0.018129,0.051509,0.009026
0.013189,0.026502,0.020766
0.004973,0.040818,0.018212
0.000863,0.047976,0.016937
0.016994,0.028445,0.043145
0.015194,0.033957,0.035602
0.011584,0.044980,0.020521
0.017256,0.051342,0.003730
0.020088,0.054525,-0.004667
0.016761,0.033109,0.011015
0.014626,0.032835,0.007993
0.010355,0.032289,0.001950
0.008459,0.033113,0.023937
0.007514,0.033523,0.034930
0.011394,0.042211,-0.019643
0.010479,0.045544,-0.004803
0.008662,0.052208,0.024879
0.005995,0.032429,0.005946
0.004659,0.022540,-0.003521
-0.001077,0.040710,0.026840
0.004925,0.041503,0.013574
0.016917,0.043093,-0.012962
0.001856,0.050019,0.010862
-0.005668,0.053481,0.022777
-0.005225,0.023692,0.001034
0.000370,0.033119,0.009912
0.011562,0.051974,0.027666
0.010383,0.041295,0.005597
0.009789,0.035957,-0.005438
0.004577,0.043266,0.002577
0.003291,0.038433,0.002925
0.000720,0.028767,0.003622
0.008777,0.017738,-0.030215
0.012801,0.012224,-0.047135
0.013020,0.003353,0.007525
0.006418,0.007295,0.006019
-0.006788,0.015179,0.003010
0.004926,0.028274,-0.005785
0.010782,0.034821,-0.010183
-0.002502,0.006995,-0.011390
0.002599,0.014606,-0.014376
0.012801,0.029827,-0.020348
-0.006448,0.017488,0.025752
-0.016067,0.011318,0.048805
-0.002598,-0.002241,-0.000718
-0.004941,0.001457,0.000893
-0.009628,0.008851,0.004114
-0.002864,0.009696,-0.015496
0.000518,0.010118,-0.025301
-0.002613,0.000804,0.002166
-0.000098,0.000776,0.011964
0.004932,0.000720,0.031559
0.000654,0.003385,0.015069
-0.001485,0.004717,0.006824
0.008803,0.024555,0.030168
0.008331,0.023249,0.019497
0.007384,0.020638,-0.001845
-0.000649,-0.004140,-0.006176
-0.004666,-0.016529,-0.008342
-0.009948,0.007664,0.039938
-0.010808,0.005601,0.035733
-0.012526,0.001473,0.027322
-0.011183,-0.006257,-0.004868
-0.010511,-0.010123,-0.020963
-0.012047,-0.014580,0.024300
-0.009715,-0.008864,0.014198
-0.005049,0.002565,-0.006008
-0.006113,0.003015,-0.019828
-0.006645,0.003240,-0.026739
-0.041669,-0.011044,0.061186
-0.032197,-0.007328,0.040976
-0.013252,0.000100,0.000555
-0.007164,-0.004856,-0.001019
-0.004120,-0.007333,-0.001806
-0.017190,0.017409,0.002499
-0.015805,0.007308,0.001694
-0.013035,-0.012894,0.000088
-0.011144,0.017510,0.015655
-0.010200,0.032714,0.023437
-0.009930,0.005027,0.022149
-0.008925,0.007829,0.009780
-0.006918,0.013431,-0.014958
-0.008339,0.006374,-0.040850
-0.009051,0.002845,-0.053796
-0.035397,0.007411,0.050162
-0.023770,0.010307,0.033201
-0.000521,0.016098,-0.000723
-0.011831,0.013137,0.022717
-0.017484,0.011657,0.034438
-0.013332,-0.002995,0.007149
-0.016774,-0.002018,0.009963
-0.023658,-0.000065,0.015591
-0.020676,0.006450,0.012055
-0.019186,0.009707,0.010286
-0.016647,-0.008652,-0.015159
-0.009444,-0.002283,-0.004297
0.004962,0.010458,0.017426
-0.011084,0.011334,0.010849
-0.019108,0.011772,0.007562
-0.004297,0.010186,-0.008773
-0.011304,0.009958,0.010348
-0.025316,0.009506,0.048593
-0.005934,0.010823,0.000869
0.003754,0.011480,-0.022993
-0.011446,-0.008646,0.029868
-0.008724,-0.010931,0.020524
-0.003276,-0.015503,0.001836
-0.007506,0.002773,0.023291
-0.009623,0.011911,0.034018
-0.017087,0.033800,0.033492
-0.012928,0.015749,0.016643
-0.004610,-0.020355,-0.017051
-0.004542,-0.009060,-0.000751
-0.004508,-0.003412,0.007398
-0.013546,-0.024395,-0.005652
-0.012756,-0.013542,-0.001189
-0.011177,0.008164,0.007735
-0.006750,-0.006150,-0.010555
-0.004537,-0.013308,-0.019700
-0.004381,0.014260,0.023693
-0.005699,0.011663,0.026169
-0.008331,0.006470,0.031123
-0.018415,-0.000356,0.000174
-0.023458,-0.003772,-0.015299
-0.001941,-0.004001,0.005781
-0.004852,0.001264,0.001389
-0.010672,0.011794,-0.007396
0.004806,0.009712,0.030600
0.012547,0.008673,0.049597
-0.018087,-0.002091,-0.021322
-0.011292,0.001823,0.005069
0.002299,0.009658,0.057850
-0.012403,0.011349,0.026907
-0.019756,0.012191,0.011436
-0.006014,-0.017570,-0.010167
-0.007136,-0.013349,-0.007048
-0.009381,-0.004905,-0.000813
0.001781,0.004431,0.004334
0.007362,0.009100,0.006907
-0.009259,0.020373,0.008378
-0.008554,0.011245,0.002742
-0.007146,-0.007013,-0.008530
-0.003342,-0.007837,-0.018609
-0.001440,-0.008249,-0.023649
0.003351,-0.011469,-0.023404
0.000087,-0.005689,-0.012692
-0.006442,0.005872,0.008733
0.000127,0.003502,0.021705
0.003412,0.002317,0.028191
-0.005750,0.008046,-0.012340
-0.000160,0.001305,-0.006231
0.011019,-0.012178,0.005987
-0.002683,0.007334,-0.001743
-0.009533,0.017089,-0.005609
0.005457,0.007692,-0.007916
0.009231,0.011571,-0.008386
0.016780,0.019328,-0.009327
0.016829,0.012003,-0.004416
0.016854,0.008340,-0.001962
-0.006580,-0.013748,-0.013538
-0.004857,-0.012035,-0.015923
-0.001410,-0.008611,-0.020694
0.002352,-0.018483,-0.016992
0.004232,-0.023419,-0.015141
0.000941,0.002674,-0.013501
0.006025,0.006854,0.000310
0.016195,0.015213,0.027932
0.008106,0.017452,0.009960
0.004059,0.018572,0.000975
-0.002761,0.009569,0.024627
0.004779,0.017891,0.018777
0.019855,0.034538,0.007074
0.003612,0.001898,0.014111
-0.004507,-0.014423,0.017629
0.009544,0.014482,-0.022975
0.014866,0.022739,-0.019303
0.025514,0.039249,-0.011960
0.011797,0.013213,-0.004268
0.004938,0.000195,-0.000423
0.006182,0.004556,0.041713
0.002023,0.000266,0.022034
-0.006295,-0.008315,-0.017323
-0.009665,-0.019286,-0.000433
-0.011351,-0.024771,0.008012
-0.008408,0.004642,0.016890
0.001933,0.002789,0.012635
0.022616,-0.000914,0.004126
0.002461,0.011251,0.004031
-0.007618,0.017333,0.003985
0.006451,-0.040125,-0.009805
0.005132,-0.014826,0.002521
0.002491,0.035771,0.027173
-0.000651,0.001293,0.037938
-0.002215,-0.015947,0.043320
0.003070,-0.006815,-0.000568
0.007556,-0.008420,-0.000991
0.016528,-0.011630,-0.001836
0.008532,-0.006859,-0.011099
0.004535,-0.004472,-0.015731
0.011835,-0.008449,0.022061
0.004021,-0.006381,0.009290
-0.011605,-0.002245,-0.016251
-0.003220,-0.015246,-0.017158
0.000972,-0.021748,-0.017611
0.011919,-0.011373,-0.009464
0.007520,-0.013274,-0.014415
-0.001277,-0.017073,-0.024319
0.013486,0.015064,0.009084
0.020868,0.031131,0.025786
-0.001834,-0.019588,-0.045576
-0.008601,-0.028616,-0.028250
-0.022152,-0.046664,0.006402
-0.002850,0.002945,0.003765
0.006801,0.027749,0.002446
0.013375,-0.011962,-0.042310
0.010315,-0.007426,-0.022922
0.004195,0.001641,0.015855
0.019308,0.008424,-0.027062
0.026864,0.011817,-0.048520
-0.015815,-0.014348,-0.006186
-0.008432,-0.009658,-0.010485
0.006336,-0.000279,-0.019084
0.007402,0.007714,-0.017827
0.007936,0.011711,-0.017199
0.014139,-0.013835,-0.012862
0.013348,-0.010268,-0.017850
0.011767,-0.003132,-0.027823
0.008533,0.013627,-0.024635
0.006919,0.022007,-0.023039
0.001337,-0.006731,0.021246
0.003435,-0.003057,0.016787
0.000000,0.000000,0.000000
-0.007630,-0.004294,-0.007869
