body_0_x,body_0_y,body_0_z
0.000000,0.000000,0.676164
0.000041,-0.000027,0.674163
-0.001024,0.000701,0.672425
-0.004298,0.002941,0.671211
-0.005341,0.003220,0.670824
-0.005270,0.002519,0.670851
-0.005256,0.003399,0.670988
-0.005168,0.003676,0.671163
-0.004931,0.002746,0.671416
-0.005145,0.002877,0.671605
-0.005585,0.003538,0.671762
-0.004727,0.002370,0.671981
-0.004287,0.001797,0.672141
-0.004686,0.002419,0.672186
-0.004659,0.001902,0.672344
-0.004419,0.000815,0.672559
-0.003899,0.001100,0.672604
-0.003707,0.001175,0.672679
-0.004169,0.000834,0.672815
-0.003847,0.000425,0.672937
-0.003132,-0.000017,0.673053
-0.003514,0.000446,0.673189
-0.003605,0.000460,0.673321
-0.003112,-0.000422,0.673443
-0.003207,-0.000312,0.673460
-0.003596,0.000295,0.673424
-0.003102,-0.000388,0.673536
-0.002860,-0.000667,0.673608
-0.003123,-0.000138,0.673600
-0.002761,-0.000511,0.673601
-0.002087,-0.001335,0.673604
-0.002424,-0.000977,0.673550
-0.002393,-0.000859,0.673530
-0.001627,-0.001223,0.673579
-0.001863,-0.001293,0.673435
-0.002599,-0.001216,0.673194
-0.001519,-0.001353,0.673177
-0.001044,-0.001487,0.673126
-0.001782,-0.001618,0.673004
-0.001398,-0.001645,0.673111
-0.000453,-0.001620,0.673333
-0.001095,-0.001651,0.673460
-0.001207,-0.001725,0.673584
-0.000261,-0.001885,0.673702
-0.000315,-0.001700,0.673843
-0.000870,-0.001342,0.673994
-0.000228,-0.001948,0.673960
0.000123,-0.002124,0.673942
-0.000109,-0.001438,0.673958
-0.000028,-0.001768,0.674011
0.000211,-0.002606,0.674082
0.000394,-0.001810,0.674390
0.000503,-0.001556,0.674649
0.000465,-0.002385,0.674810
0.000502,-0.002132,0.674812
0.000577,-0.001337,0.674734
0.000550,-0.002069,0.674915
0.000585,-0.002267,0.675042
0.000745,-0.001398,0.675059
0.000692,-0.001605,0.675063
0.000532,-0.002351,0.675061
0.000972,-0.001522,0.675130
0.001121,-0.001131,0.675145
0.000692,-0.001617,0.675051
0.000987,-0.001390,0.675072
0.001643,-0.000805,0.675151
0.001006,-0.001002,0.675093
0.000880,-0.001144,0.675038
0.001772,-0.001175,0.674989
0.001537,-0.000984,0.675005
0.000738,-0.000683,0.675053
0.001531,-0.001167,0.674865
0.001887,-0.001280,0.674877
0.001367,-0.000651,0.675293
0.001420,-0.000945,0.675231
0.001758,-0.001700,0.674930
0.001625,-0.001083,0.675022
0.001557,-0.000884,0.675167
0.001617,-0.001524,0.675419
0.001612,-0.001410,0.675189
0.001574,-0.000920,0.674718
0.001649,-0.001641,0.675338
0.001657,-0.001843,0.675644
0.001530,-0.001008,0.675324
0.001578,-0.001172,0.675319
0.001714,-0.001837,0.675471
0.001303,-0.001262,0.675807
0.001130,-0.000887,0.675870
0.001432,-0.000914,0.675391
0.001499,-0.001268,0.675421
0.001449,-0.001786,0.675706
0.001150,-0.001095,0.675699
0.001147,-0.000760,0.675541
0.001732,-0.001136,0.675083
0.001370,-0.001127,0.675253
0.000534,-0.000925,0.675738
0.001269,-0.000843,0.675129
0.001446,-0.000822,0.674856
0.000507,-0.000924,0.675252
0.000668,-0.000617,0.675026
0.001379,-0.000106,0.674489
0.000438,-0.000501,0.674434
0.000029,-0.000570,0.674353
0.000689,0.000012,0.674220
0.000233,0.000089,0.673844
-0.000780,-0.000086,0.673347
-0.000009,0.000220,0.673624
0.000125,0.000363,0.673603
-0.001017,0.000182,0.672984
-0.000787,0.000168,0.673067
0.000128,0.000238,0.673500
-0.000942,0.000202,0.673202
-0.001400,0.000162,0.673015
-0.000635,0.000115,0.673050
-0.001226,-0.000002,0.673258
-0.002496,-0.000153,0.673553
-0.002297,-0.000407,0.672872
-0.002292,-0.000487,0.672707
-0.002676,-0.000217,0.673574
-0.002953,-0.000440,0.673203
-0.003177,-0.000909,0.672211
-0.003416,-0.000553,0.673167
-0.003658,-0.000502,0.673810
-0.003905,-0.001061,0.673827
-0.004172,-0.001343,0.673633
-0.004449,-0.001486,0.673333
-0.004468,-0.000884,0.673845
-0.004545,-0.000855,0.674117
-0.004739,-0.001973,0.673908
-0.004655,-0.001749,0.674091
-0.004434,-0.000854,0.674471
-0.004758,-0.001835,0.674170
-0.004832,-0.002273,0.674113
-0.004403,-0.001624,0.674543
-0.004686,-0.001951,0.674337
-0.005326,-0.002767,0.673813
-0.004714,-0.002160,0.674472
-0.004516,-0.001933,0.674831
-0.005149,-0.002468,0.674590
-0.005160,-0.002158,0.674523
-0.004861,-0.001425,0.674544
-0.005103,-0.002202,0.675048
-0.005226,-0.002482,0.675219
-0.005113,-0.001772,0.674722
-0.005132,-0.001985,0.675177
-0.005218,-0.002660,0.676108
-0.005111,-0.002328,0.675348
-0.005156,-0.002262,0.675103
-0.005509,-0.002729,0.675888
-0.005378,-0.002655,0.675653
-0.005006,-0.002310,0.674909
-0.005224,-0.003018,0.675484
-0.005466,-0.003324,0.675713
-0.005756,-0.002824,0.675251
-0.005662,-0.003020,0.675370
-0.005375,-0.003564,0.675779
-0.006095,-0.003290,0.675512
-0.006355,-0.003156,0.675445
-0.005699,-0.003303,0.675776
-0.006107,-0.003440,0.675605
-0.007048,-0.003572,0.675182
-0.006326,-0.003390,0.675624
-0.006102,-0.003337,0.675707
-0.006875,-0.003544,0.675070
-0.007047,-0.003488,0.675375
-0.006920,-0.003300,0.676151
-0.006853,-0.003092,0.675306
-0.006878,-0.003027,0.674983
-0.007085,-0.003249,0.675707
-0.006938,-0.002866,0.675471
-0.006613,-0.002181,0.674754
-0.006796,-0.002695,0.675530
-0.006803,-0.002918,0.675735
-0.006460,-0.002558,0.674795
-0.006368,-0.002437,0.675108
-0.006401,-0.002435,0.676047
-0.006006,-0.002893,0.675355
-0.005826,-0.002948,0.675039
-0.006076,-0.002197,0.675473
-0.005727,-0.002531,0.675530
-0.005079,-0.003408,0.675399
-0.005475,-0.002706,0.675279
-0.005460,-0.002479,0.675197
-0.004623,-0.003199,0.675195
-0.004481,-0.003238,0.675461
-0.004687,-0.002936,0.675859
-0.004249,-0.003463,0.675103
-0.003865,-0.003702,0.674897
-0.003591,-0.003369,0.675791
-0.003265,-0.003554,0.675578
-0.002913,-0.004000,0.674813
-0.002967,-0.003560,0.675404
-0.002785,-0.003522,0.675695
-0.002128,-0.004288,0.675385
-0.001939,-0.004408,0.675211
-0.001985,-0.004205,0.675104
-0.001392,-0.004436,0.675603
-0.000987,-0.004666,0.675675
-0.000955,-0.004893,0.674896
-0.000564,-0.004862,0.675177
0.000005,-0.004701,0.675987
0.000096,-0.005213,0.675235
0.000298,-0.005472,0.674961
0.000720,-0.005227,0.675641
0.000951,-0.005393,0.675371
0.001086,-0.005765,0.674627
0.001587,-0.005946,0.675251
0.001920,-0.005943,0.675501
0.001916,-0.005570,0.675003
0.002064,-0.005964,0.674988
0.002287,-0.006740,0.675215
0.002274,-0.005998,0.675064
0.002346,-0.005765,0.674912
0.002587,-0.006551,0.674756
0.002786,-0.006312,0.675029
0.002965,-0.005562,0.675515
0.003163,-0.006285,0.674946
0.003260,-0.006557,0.674734
0.003153,-0.005927,0.675237
0.003086,-0.006106,0.675032
0.003039,-0.006689,0.674473
0.003309,-0.006321,0.675066
0.003321,-0.006081,0.675259
0.002815,-0.006097,0.674653
0.002843,-0.006418,0.674887
0.003137,-0.006890,0.675540
0.002681,-0.006435,0.675087
0.002437,-0.006348,0.674976
0.002617,-0.006993,0.675550
0.002067,-0.007001,0.675523
0.001152,-0.006689,0.675194
0.001478,-0.006697,0.675451
0.001324,-0.006742,0.675645
0.000207,-0.006857,0.675714
0.000120,-0.006885,0.675759
0.000547,-0.006870,0.675792
-0.000520,-0.007076,0.676102
-0.001159,-0.007134,0.676228
-0.000942,-0.006896,0.675984
-0.001254,-0.007183,0.676163
-0.001832,-0.007732,0.676554
-0.001684,-0.007187,0.676575
-0.001603,-0.007124,0.676577
-0.001656,-0.008024,0.676542
-0.002118,-0.007815,0.676695
-0.002784,-0.007051,0.676943
-0.002450,-0.007475,0.676716
-0.002627,-0.007626,0.676559
-0.003826,-0.007233,0.676544
-0.003575,-0.007219,0.676512
-0.002600,-0.007395,0.676471
-0.003585,-0.007436,0.676336
-0.004027,-0.007363,0.676217
-0.003384,-0.007061,0.676131
-0.003684,-0.007095,0.676068
-0.004455,-0.007298,0.676018
-0.003667,-0.006761,0.675968
-0.003331,-0.006552,0.675972
-0.003901,-0.006998,0.676083
-0.003843,-0.006951,0.676129
-0.003471,-0.006658,0.676141
-0.003413,-0.006801,0.676247
-0.003530,-0.006693,0.676278
-0.003997,-0.006081,0.676162
-0.003817,-0.006393,0.676236
-0.003313,-0.007167,0.676405
-0.003580,-0.006340,0.676386
-0.003723,-0.006126,0.676345
-0.003618,-0.007139,0.676261
-0.003582,-0.006808,0.676350
-0.003582,-0.005805,0.676527
-0.003607,-0.006696,0.676322
-0.003620,-0.006947,0.676234
-0.003609,-0.005917,0.676381
-0.003404,-0.006173,0.676235
-0.003103,-0.007073,0.675943
-0.003536,-0.006485,0.676113
-0.003534,-0.006201,0.676155
-0.002663,-0.006527,0.675944
-0.002935,-0.006810,0.675849
-0.003778,-0.007073,0.675814
-0.002886,-0.006740,0.675958
-0.002446,-0.006701,0.675913
-0.002911,-0.007252,0.675485
-0.002848,-0.006886,0.675484
-0.002522,-0.006062,0.675695
-0.002266,-0.006985,0.675618
-0.002218,-0.007388,0.675492
-0.002583,-0.006752,0.675270
-0.002240,-0.006893,0.675369
-0.001544,-0.007422,0.675630
-0.002218,-0.007358,0.675423
-0.002312,-0.007341,0.675262
-0.001244,-0.007420,0.675192
-0.001434,-0.007572,0.675364
-0.002253,-0.007761,0.675655
-0.001320,-0.008157,0.675425
-0.000888,-0.008287,0.675311
-0.001459,-0.007882,0.675433
-0.001277,-0.008283,0.675537
-0.000719,-0.009089,0.675632
-0.001072,-0.008264,0.675623
-0.001157,-0.008002,0.675625
-0.000708,-0.008869,0.675651
-0.000753,-0.008551,0.675704
-0.001044,-0.007641,0.675770
-0.000416,-0.008311,0.675625
-0.000189,-0.008572,0.675563
-0.000763,-0.008016,0.675669
-0.000366,-0.007821,0.675648
0.000515,-0.007807,0.675564
-0.000084,-0.008281,0.675450
-0.000297,-0.008346,0.675415
0.000262,-0.007594,0.675539
0.000233,-0.007950,0.675429
-0.000089,-0.008860,0.675203
0.000273,-0.007717,0.675341
0.000441,-0.007285,0.675371
0.000224,-0.008275,0.675185
0.000249,-0.007821,0.675122
0.000396,-0.006644,0.675121
0.000584,-0.007712,0.675084
0.000615,-0.008104,0.675027
0.000334,-0.007140,0.674931
0.000538,-0.007363,0.674963
0.000983,-0.008178,0.675060
0.000617,-0.007281,0.674798
0.000526,-0.006940,0.674747
0.000986,-0.007710,0.675119
0.000789,-0.007537,0.674823
0.000263,-0.006894,0.674192
0.000648,-0.006774,0.674920
0.000903,-0.006781,0.675164
0.000899,-0.007042,0.674438
0.000692,-0.006639,0.674500
0.000385,-0.005903,0.674957
0.000902,-0.006432,0.674638
0.001016,-0.006515,0.674523
0.000322,-0.005703,0.674812
0.000507,-0.005834,0.674981
0.001133,-0.006437,0.675091
0.000890,-0.005631,0.674836
0.000782,-0.005245,0.674804
0.000946,-0.005701,0.675221
0.000566,-0.005527,0.675110
-0.000085,-0.005037,0.674734
0.000691,-0.005148,0.675077
0.000977,-0.005209,0.675351
0.000282,-0.005171,0.675485
0.000321,-0.005181,0.675275
0.000727,-0.005217,0.674894
0.000827,-0.005275,0.675672
0.000717,-0.005341,0.676065
0.000187,-0.005423,0.675688
0.000558,-0.005527,0.675857
0.001379,-0.005643,0.676299
0.000671,-0.005759,0.676443
0.000615,-0.006008,0.676680
0.001865,-0.006525,0.677099
0.001780,-0.006654,0.677485
0.001027,-0.006589,0.677854
0.002122,-0.007180,0.677940
0.002778,-0.007692,0.678229
0.002556,-0.008045,0.678921
0.003285,-0.008066,0.678969
0.004489,-0.007920,0.678697
0.004710,-0.008975,0.679283
0.005097,-0.009529,0.679713
0.005818,-0.009081,0.679829
0.006333,-0.009719,0.679854
0.006745,-0.010898,0.679834
0.007460,-0.010520,0.680480
0.008053,-0.010621,0.680831
0.008400,-0.011679,0.680591
0.009157,-0.011918,0.680736
0.010119,-0.011748,0.681074
0.010098,-0.012570,0.681428
0.010457,-0.013102,0.681586
0.011574,-0.013056,0.681351
0.011922,-0.013576,0.681733
0.011886,-0.014379,0.682424
0.012657,-0.014097,0.682133
0.013327,-0.014205,0.681996
0.013794,-0.015094,0.682167
0.014360,-0.015005,0.682497
0.014974,-0.014426,0.682906
0.015198,-0.015166,0.682659
0.015662,-0.015444,0.682643
0.016605,-0.014798,0.683091
0.016786,-0.014950,0.682866
0.016585,-0.015501,0.682305
0.017629,-0.015345,0.683045
0.018336,-0.015166,0.683382
0.018374,-0.014940,0.682913
0.018903,-0.015419,0.682830
0.019678,-0.016251,0.682940
0.019868,-0.015583,0.683444
0.020154,-0.015368,0.683539
0.020630,-0.016062,0.682817
0.021067,-0.016114,0.683163
0.021485,-0.015847,0.684044
0.021923,-0.016141,0.683075
0.022325,-0.016360,0.682735
0.022657,-0.016430,0.683654
0.023128,-0.016496,0.683303
0.023668,-0.016559,0.682318
0.023942,-0.016618,0.683360
0.024219,-0.016760,0.683748
0.024503,-0.017068,0.682828
0.024879,-0.016935,0.682912
0.025301,-0.016581,0.683498
0.025350,-0.017295,0.683321
0.025539,-0.017504,0.683143
0.026009,-0.016704,0.682966
0.026308,-0.016980,0.683116
0.026520,-0.017795,0.683430
0.026596,-0.016953,0.683014
0.026823,-0.016645,0.682902
0.027354,-0.017404,0.683396
0.027563,-0.017145,0.683200
0.027610,-0.016377,0.682659
0.027902,-0.017073,0.683142
0.028114,-0.017356,0.683301
0.028167,-0.016812,0.682811
0.028695,-0.016769,0.682904
0.029461,-0.016978,0.683289
0.028911,-0.017150,0.683353
0.028917,-0.017140,0.683271
0.030037,-0.016768,0.682899
0.030045,-0.016935,0.683230
0.029496,-0.017373,0.683912
0.030203,-0.017123,0.683172
0.030555,-0.016960,0.682961
0.030197,-0.016972,0.683810
0.030451,-0.017172,0.683498
0.031011,-0.017464,0.682604
0.030953,-0.016962,0.683521
0.030985,-0.016801,0.683863
0.031194,-0.017322,0.683059
0.031366,-0.017007,0.683195
0.031519,-0.016273,0.683802
0.031556,-0.017133,0.683298
0.031669,-0.017391,0.683093
0.031934,-0.016443,0.683485
0.031993,-0.016699,0.683389
0.031948,-0.017556,0.683049
0.032465,-0.016678,0.683406
0.032646,-0.016276,0.683497
0.032153,-0.016824,0.683055
0.032700,-0.016791,0.683110
0.033767,-0.016468,0.683413
0.032818,-0.016597,0.683221
0.032530,-0.016639,0.683152
0.033561,-0.016510,0.683333
0.033434,-0.016488,0.682997
0.032727,-0.016519,0.682403
0.032849,-0.016449,0.683219
0.032994,-0.016402,0.683436
0.033184,-0.016400,0.682457
0.032995,-0.016208,0.682774
0.032616,-0.015922,0.683738
0.032815,-0.016367,0.682767
0.032849,-0.016446,0.682292
0.032551,-0.015796,0.682806
0.032534,-0.016065,0.682724
0.032656,-0.016794,0.682344
0.032329,-0.015943,0.682215
0.032134,-0.015612,0.682182
0.032207,-0.016324,0.682342
0.031992,-0.016048,0.682084
0.031633,-0.015276,0.681616
0.031645,-0.015935,0.682188
0.031654,-0.016159,0.682268
0.031658,-0.015512,0.681363
0.031281,-0.015503,0.681541
0.030713,-0.015814,0.682261
0.031368,-0.015451,0.681486
0.031467,-0.015281,0.681121
0.030455,-0.015500,0.681574
0.030601,-0.015164,0.681384
0.031325,-0.014550,0.680871
0.030495,-0.015041,0.681014
0.030147,-0.015078,0.680993
0.030761,-0.014210,0.680643
0.030460,-0.014175,0.680751
0.029701,-0.014558,0.681090
0.030272,-0.014192,0.680523
0.030484,-0.013927,0.680338
0.029981,-0.013860,0.680918
0.029928,-0.013645,0.680511
0.030099,-0.013355,0.679610
0.029532,-0.013053,0.680174
0.029505,-0.012928,0.680370
0.030556,-0.013156,0.679831
0.030056,-0.012694,0.679793
0.028781,-0.011888,0.680006
0.029791,-0.012425,0.679380
0.030313,-0.012535,0.679141
0.029862,-0.011791,0.679674
0.029645,-0.011585,0.679147
0.029544,-0.011648,0.678091
0.029760,-0.011524,0.678888
0.029967,-0.011327,0.679081
0.030158,-0.010986,0.678064
0.029771,-0.010840,0.678324
0.029095,-0.010793,0.679223
0.029520,-0.010613,0.678223
0.029853,-0.010441,0.677765
0.030002,-0.010286,0.678396
0.029741,-0.010133,0.678416
0.029275,-0.009983,0.678131
0.029919,-0.009697,0.677963
0.030352,-0.009584,0.677965
0.030361,-0.009816,0.678306
0.030131,-0.009515,0.678104
0.029780,-0.008948,0.677631
0.030562,-0.009345,0.677498
0.030824,-0.009360,0.677429
0.030046,-0.008613,0.677486
0.030464,-0.008832,0.677485
0.031479,-0.009534,0.677456
0.030695,-0.008819,0.676618
0.030318,-0.008344,0.676435
0.030752,-0.008351,0.677563
0.030870,-0.008580,0.676811
0.030829,-0.008920,0.675119
0.031119,-0.008550,0.676333
0.031245,-0.008271,0.676650
0.031046,-0.008171,0.675173
0.030991,-0.008039,0.675460
0.031007,-0.007891,0.676630
0.030966,-0.007744,0.675365
0.030935,-0.007640,0.674923
0.030926,-0.007624,0.676131
0.030987,-0.007571,0.675677
0.031082,-0.007499,0.674393
0.031077,-0.007585,0.675566
0.031113,-0.007599,0.675943
0.031230,-0.007468,0.674725
0.031267,-0.007455,0.675048
0.031263,-0.007501,0.676141
0.031501,-0.007459,0.675127
0.031653,-0.007514,0.674833
0.031631,-0.007762,0.675980
0.031903,-0.007638,0.675630
0.032323,-0.007328,0.674531
0.031869,-0.007949,0.675525
0.031739,-0.008223,0.676011
0.032257,-0.007805,0.675481
0.032171,-0.007630,0.675468
0.031784,-0.007578,0.675714
0.032385,-0.008172,0.675760
0.032672,-0.008294,0.675879
0.032330,-0.007471,0.676139
0.032623,-0.007691,0.675992
0.033234,-0.008432,0.675640
0.032624,-0.008034,0.676192
0.032457,-0.007791,0.676391
0.033179,-0.007860,0.675883
0.032971,-0.007900,0.676157
0.032299,-0.007925,0.676822
0.033142,-0.008038,0.676135
0.033519,-0.008115,0.675954
0.032965,-0.008121,0.676784
0.033303,-0.008342,0.676654
0.034088,-0.008671,0.676045
0.033610,-0.008353,0.676838
0.033543,-0.008320,0.677210
0.034298,-0.008856,0.676741
0.034183,-0.008674,0.676997
0.033633,-0.008133,0.677617
0.034535,-0.008745,0.677353
0.034974,-0.009018,0.677272
0.034488,-0.008611,0.677556
0.034869,-0.008577,0.677796
0.035683,-0.008730,0.678015
0.035604,-0.009041,0.677768
0.035502,-0.009072,0.677773
0.035352,-0.008540,0.678282
0.035723,-0.008758,0.678040
0.036354,-0.009350,0.677423
0.035731,-0.009123,0.678049
0.035494,-0.008915,0.678248
0.036029,-0.008747,0.677597
0.036183,-0.009044,0.677665
0.036148,-0.009575,0.678092
0.035992,-0.008896,0.677883
0.036074,-0.008637,0.677616
0.036630,-0.009218,0.677234
0.036738,-0.009130,0.677475
0.036622,-0.008707,0.678027
0.036800,-0.008772,0.677065
0.037056,-0.008892,0.676663
0.037466,-0.009122,0.677384
0.037503,-0.008884,0.677214
0.037354,-0.008413,0.676600
0.038109,-0.009313,0.676837
0.038429,-0.009665,0.676927
0.037878,-0.008919,0.676724
0.038276,-0.009049,0.676751
0.039149,-0.009617,0.676893
0.038169,-0.009292,0.676858
0.037777,-0.009193,0.676896
0.038561,-0.009547,0.677081
0.038502,-0.009373,0.677060
0.038021,-0.008934,0.676936
0.038480,-0.009505,0.677297
0.038619,-0.009607,0.677346
0.038118,-0.008769,0.676768
0.038045,-0.009039,0.677036
0.038185,-0.009862,0.677728
0.038419,-0.008999,0.677155
0.038495,-0.008698,0.677033
0.038259,-0.009522,0.677812
0.038402,-0.009333,0.677628
0.038735,-0.008638,0.676961
0.038530,-0.009040,0.677902
0.038423,-0.009166,0.678264
0.038510,-0.008741,0.677470
0.038782,-0.008763,0.677746
0.039145,-0.009007,0.678558
0.038290,-0.008966,0.678150
0.038044,-0.008898,0.677960
0.039013,-0.008773,0.678208
0.038672,-0.008886,0.678361
0.037677,-0.009118,0.678466
0.038519,-0.008692,0.678304
0.038823,-0.008631,0.678363
0.038050,-0.009299,0.678865
