body_0_w,body_0_x,body_0_y,body_0_z
0.997459,-0.067397,0.023019,0.001555
0.997340,-0.069308,0.022435,0.002419
0.997228,-0.071000,0.022031,0.003023
0.997139,-0.072255,0.021984,0.003107
0.997100,-0.072788,0.021958,0.003238
0.997088,-0.072961,0.021943,0.003393
0.997084,-0.072959,0.022141,0.003048
0.997080,-0.072966,0.022356,0.002791
0.997073,-0.072989,0.022607,0.002712
0.997068,-0.072987,0.022841,0.002570
0.997064,-0.072971,0.023067,0.002398
0.997062,-0.072911,0.023364,0.002386
0.997061,-0.072847,0.023619,0.002267
0.997063,-0.072775,0.023790,0.001937
0.997064,-0.072667,0.024063,0.001768
0.997066,-0.072542,0.024387,0.001679
0.997069,-0.072404,0.024665,0.001496
0.997071,-0.072275,0.024975,0.001329
0.997070,-0.072165,0.025349,0.001191
0.997072,-0.072057,0.025588,0.000956
0.997075,-0.071951,0.025761,0.000673
0.997062,-0.072032,0.026042,0.000983
0.997052,-0.072080,0.026260,0.001143
0.997052,-0.072061,0.026351,0.001003
0.997048,-0.072023,0.026586,0.000913
0.997043,-0.071976,0.026894,0.000847
0.997041,-0.071974,0.026986,0.000775
0.997036,-0.072016,0.027057,0.000700
0.997026,-0.072145,0.027086,0.000621
0.997015,-0.072281,0.027139,0.000796
0.997003,-0.072420,0.027203,0.001099
0.997014,-0.072249,0.027239,0.000551
0.997023,-0.072124,0.027254,0.000103
0.997026,-0.072092,0.027228,-0.000145
0.997021,-0.072154,0.027250,-0.000233
0.997012,-0.072264,0.027294,-0.000241
0.997024,-0.071989,0.027560,-0.000387
0.997028,-0.071878,0.027710,-0.000349
0.997015,-0.072092,0.027629,0.000057
0.997012,-0.072140,0.027615,0.000141
0.997014,-0.072105,0.027634,0.000063
0.997003,-0.072269,0.027618,0.000520
0.996996,-0.072337,0.027677,0.000850
0.996999,-0.072211,0.027886,0.000929
0.996995,-0.072238,0.027965,0.000947
0.996987,-0.072342,0.027980,0.000934
0.996979,-0.072371,0.028179,0.000832
0.996973,-0.072375,0.028376,0.000695
0.996971,-0.072333,0.028571,0.000486
0.996970,-0.072394,0.028445,0.000381
0.996970,-0.072507,0.028160,0.000327
0.996973,-0.072514,0.028054,0.000251
0.996974,-0.072515,0.027990,0.000168
0.996975,-0.072504,0.028009,0.000069
0.996978,-0.072437,0.028059,-0.000034
0.996983,-0.072342,0.028124,-0.000140
0.996972,-0.072468,0.028213,-0.000296
0.996968,-0.072489,0.028268,-0.000533
0.996982,-0.072302,0.028252,-0.000931
0.996988,-0.072210,0.028285,-0.001162
0.996989,-0.072166,0.028343,-0.001309
0.996994,-0.072044,0.028450,-0.001640
0.997000,-0.071909,0.028587,-0.001936
0.997005,-0.071747,0.028783,-0.002164
0.997013,-0.071573,0.028933,-0.002460
0.997021,-0.071394,0.029060,-0.002788
0.997034,-0.071177,0.029131,-0.002855
0.997050,-0.070935,0.029161,-0.002985
0.997072,-0.070642,0.029106,-0.003239
0.997081,-0.070532,0.029053,-0.003284
0.997084,-0.070512,0.029000,-0.003224
0.997079,-0.070542,0.029100,-0.003130
0.997073,-0.070592,0.029216,-0.003097
0.997061,-0.070683,0.029363,-0.003187
0.997057,-0.070716,0.029453,-0.003102
0.997055,-0.070720,0.029513,-0.002928
0.997045,-0.070794,0.029684,-0.002849
0.997033,-0.070921,0.029783,-0.002799
0.997018,-0.071157,0.029738,-0.002806
0.997005,-0.071361,0.029706,-0.002645
0.996993,-0.071548,0.029680,-0.002400
0.996996,-0.071476,0.029743,-0.002370
0.996993,-0.071487,0.029820,-0.002296
0.996977,-0.071666,0.029925,-0.002131
0.996958,-0.071936,0.029946,-0.001952
0.996936,-0.072253,0.029926,-0.001765
0.996925,-0.072335,0.030091,-0.001533
0.996915,-0.072451,0.030150,-0.001293
0.996907,-0.072635,0.029997,-0.001033
0.996892,-0.072807,0.030084,-0.000793
0.996874,-0.072974,0.030290,-0.000563
0.996866,-0.073104,0.030237,-0.000304
0.996855,-0.073273,0.030179,0.000032
0.996839,-0.073518,0.030113,0.000519
0.996824,-0.073733,0.030083,0.000837
0.996809,-0.073932,0.030071,0.001070
0.996808,-0.074036,0.029848,0.001278
0.996808,-0.074105,0.029658,0.001372
0.996812,-0.074104,0.029536,0.001239
0.996821,-0.074075,0.029325,0.001126
0.996832,-0.074033,0.029070,0.001023
0.996826,-0.074203,0.028803,0.001321
0.996829,-0.074286,0.028494,0.001481
0.996847,-0.074197,0.028099,0.001363
0.996852,-0.074237,0.027810,0.001396
0.996850,-0.074341,0.027574,0.001504
0.996879,-0.074121,0.027163,0.001169
0.996895,-0.074015,0.026850,0.000986
0.996889,-0.074136,0.026734,0.001107
0.996891,-0.074169,0.026585,0.001181
0.996896,-0.074156,0.026420,0.001231
0.996900,-0.074187,0.026166,0.001235
0.996906,-0.074199,0.025920,0.001238
0.996914,-0.074175,0.025690,0.001239
0.996912,-0.074252,0.025499,0.001424
0.996907,-0.074380,0.025326,0.001699
0.996910,-0.074426,0.025066,0.001838
0.996905,-0.074542,0.024896,0.001983
0.996885,-0.074796,0.024907,0.002143
0.996876,-0.074952,0.024809,0.002196
0.996872,-0.075061,0.024655,0.002195
0.996860,-0.075352,0.024185,0.002627
0.996850,-0.075601,0.023807,0.002936
0.996841,-0.075768,0.023615,0.003001
0.996823,-0.076044,0.023454,0.003422
0.996799,-0.076374,0.023309,0.004022
0.996793,-0.076469,0.023218,0.004075
0.996787,-0.076558,0.023162,0.004287
0.996778,-0.076639,0.023177,0.004816
0.996768,-0.076755,0.023143,0.005096
0.996759,-0.076888,0.023085,0.005252
0.996744,-0.077034,0.023132,0.005639
0.996731,-0.077156,0.023201,0.005954
0.996722,-0.077229,0.023314,0.006123
0.996704,-0.077466,0.023198,0.006456
0.996682,-0.077784,0.022969,0.006871
0.996678,-0.077857,0.022894,0.006847
0.996679,-0.077878,0.022832,0.006682
0.996689,-0.077796,0.022794,0.006235
0.996677,-0.077956,0.022788,0.006236
0.996653,-0.078238,0.022799,0.006460
0.996643,-0.078406,0.022659,0.006538
0.996635,-0.078554,0.022483,0.006533
0.996633,-0.078661,0.022235,0.006364
0.996626,-0.078814,0.022031,0.006240
0.996617,-0.078990,0.021848,0.006139
0.996596,-0.079292,0.021646,0.006405
0.996580,-0.079532,0.021456,0.006526
0.996576,-0.079646,0.021289,0.006360
0.996575,-0.079684,0.021155,0.006385
0.996577,-0.079683,0.021038,0.006506
0.996560,-0.079906,0.020919,0.006707
0.996538,-0.080179,0.020823,0.006998
0.996506,-0.080554,0.020772,0.007470
0.996483,-0.080856,0.020605,0.007701
0.996465,-0.081121,0.020379,0.007810
0.996470,-0.081068,0.020436,0.007614
0.996477,-0.081040,0.020300,0.007389
0.996487,-0.081063,0.019781,0.007107
0.996483,-0.081145,0.019683,0.007003
0.996472,-0.081256,0.019796,0.006986
0.996475,-0.081265,0.019695,0.006825
0.996478,-0.081262,0.019597,0.006692
0.996482,-0.081237,0.019508,0.006614
0.996487,-0.081206,0.019411,0.006461
0.996493,-0.081173,0.019310,0.006271
0.996484,-0.081333,0.019188,0.005976
0.996488,-0.081346,0.019044,0.005567
0.996518,-0.081068,0.018857,0.004928
0.996530,-0.080919,0.018946,0.004491
0.996534,-0.080835,0.019174,0.004155
0.996536,-0.080853,0.019109,0.003787
0.996535,-0.080870,0.019113,0.003436
0.996532,-0.080887,0.019255,0.003121
0.996538,-0.080796,0.019393,0.002725
0.996548,-0.080652,0.019530,0.002289
0.996547,-0.080672,0.019548,0.001919
0.996551,-0.080637,0.019549,0.001530
0.996563,-0.080495,0.019513,0.001105
0.996571,-0.080415,0.019474,0.000955
0.996575,-0.080366,0.019435,0.000942
0.996584,-0.080317,0.019232,0.000714
0.996590,-0.080270,0.019088,0.000467
0.996594,-0.080227,0.019062,0.000184
0.996601,-0.080161,0.019003,0.000108
0.996608,-0.080083,0.018926,0.000135
0.996608,-0.080107,0.018835,-0.000572
0.996608,-0.080121,0.018744,-0.000986
0.996611,-0.080114,0.018653,-0.000811
0.996608,-0.080152,0.018632,-0.001228
0.996601,-0.080213,0.018647,-0.001941
0.996597,-0.080294,0.018541,-0.001925
0.996595,-0.080336,0.018473,-0.002028
0.996597,-0.080299,0.018480,-0.002369
0.996597,-0.080314,0.018367,-0.002426
0.996597,-0.080355,0.018195,-0.002343
0.996596,-0.080353,0.018235,-0.002871
0.996599,-0.080294,0.018234,-0.003363
0.996613,-0.080123,0.018147,-0.003780
0.996611,-0.080119,0.018174,-0.004094
0.996602,-0.080199,0.018258,-0.004358
0.996609,-0.080076,0.018336,-0.004597
0.996609,-0.080050,0.018397,-0.004852
0.996594,-0.080220,0.018424,-0.005140
0.996599,-0.080142,0.018387,-0.005351
0.996616,-0.079940,0.018319,-0.005524
0.996595,-0.080160,0.018390,-0.005919
0.996579,-0.080334,0.018431,-0.006076
0.996575,-0.080417,0.018410,-0.005758
0.996560,-0.080585,0.018426,-0.005862
0.996540,-0.080797,0.018459,-0.006177
0.996516,-0.081141,0.018452,-0.005650
0.996497,-0.081390,0.018450,-0.005439
0.996489,-0.081452,0.018460,-0.005857
0.996492,-0.081370,0.018523,-0.006214
0.996501,-0.081216,0.018614,-0.006540
0.996499,-0.081221,0.018741,-0.006478
0.996496,-0.081266,0.018778,-0.006294
0.996491,-0.081389,0.018635,-0.005862
0.996490,-0.081411,0.018599,-0.005762
0.996492,-0.081383,0.018617,-0.005828
0.996484,-0.081511,0.018572,-0.005529
0.996479,-0.081591,0.018561,-0.005237
0.996481,-0.081571,0.018619,-0.004956
0.996482,-0.081546,0.018744,-0.004799
0.996482,-0.081517,0.018902,-0.004702
0.996486,-0.081410,0.019189,-0.004527
0.996487,-0.081348,0.019423,-0.004399
0.996482,-0.081374,0.019550,-0.004366
0.996486,-0.081287,0.019680,-0.004510
0.996494,-0.081142,0.019811,-0.004743
0.996493,-0.081076,0.020134,-0.004878
0.996487,-0.081065,0.020438,-0.004970
0.996473,-0.081166,0.020704,-0.004974
0.996457,-0.081343,0.020791,-0.004940
0.996440,-0.081558,0.020788,-0.004886
0.996428,-0.081634,0.020917,-0.005518
0.996413,-0.081736,0.021035,-0.006086
0.996396,-0.081889,0.021130,-0.006527
0.996388,-0.081968,0.021226,-0.006389
0.996386,-0.082008,0.021322,-0.005963
0.996374,-0.082056,0.021588,-0.006316
0.996364,-0.082097,0.021791,-0.006600
0.996360,-0.082122,0.021867,-0.006745
0.996356,-0.082178,0.021749,-0.007011
0.996352,-0.082249,0.021534,-0.007339
0.996349,-0.082340,0.021356,-0.007215
0.996339,-0.082511,0.021177,-0.007205
0.996314,-0.082839,0.020996,-0.007423
0.996318,-0.082797,0.020936,-0.007580
0.996336,-0.082569,0.020936,-0.007706
0.996340,-0.082575,0.020728,-0.007578
0.996334,-0.082706,0.020547,-0.007544
0.996303,-0.083086,0.020419,-0.007696
0.996305,-0.083136,0.020224,-0.007522
0.996321,-0.083020,0.019994,-0.007186
0.996306,-0.083190,0.020003,-0.007385
0.996299,-0.083264,0.019968,-0.007590
0.996309,-0.083145,0.019846,-0.007806
0.996312,-0.083146,0.019750,-0.007732
0.996310,-0.083207,0.019667,-0.007514
0.996311,-0.083188,0.019716,-0.007453
0.996308,-0.083224,0.019747,-0.007328
0.996298,-0.083367,0.019743,-0.007073
0.996295,-0.083411,0.019743,-0.007049
0.996295,-0.083404,0.019746,-0.007139
0.996284,-0.083531,0.019777,-0.007089
0.996274,-0.083636,0.019835,-0.007018
0.996268,-0.083694,0.019945,-0.006902
0.996267,-0.083669,0.019947,-0.007269
0.996270,-0.083602,0.019895,-0.007876
0.996266,-0.083559,0.020019,-0.008429
0.996261,-0.083558,0.020100,-0.008881
0.996251,-0.083642,0.020097,-0.009132
0.996248,-0.083607,0.020274,-0.009410
0.996248,-0.083513,0.020540,-0.009701
0.996239,-0.083559,0.020701,-0.009844
0.996237,-0.083537,0.020823,-0.010011
0.996247,-0.083378,0.020865,-0.010231
0.996238,-0.083480,0.021022,-0.009950
0.996219,-0.083711,0.021236,-0.009419
0.996218,-0.083668,0.021236,-0.009944
0.996221,-0.083568,0.021264,-0.010410
0.996233,-0.083355,0.021349,-0.010758
0.996233,-0.083305,0.021544,-0.010804
0.996226,-0.083338,0.021795,-0.010699
0.996221,-0.083406,0.021741,-0.010715
0.996217,-0.083432,0.021791,-0.010731
0.996216,-0.083375,0.022049,-0.010746
0.996217,-0.083320,0.022188,-0.010850
0.996218,-0.083265,0.022269,-0.010998
0.996214,-0.083273,0.022406,-0.011057
0.996210,-0.083275,0.022555,-0.011086
0.996207,-0.083266,0.022728,-0.011056
0.996205,-0.083283,0.022765,-0.010997
0.996204,-0.083312,0.022735,-0.010923
0.996211,-0.083168,0.022841,-0.011146
0.996211,-0.083128,0.022964,-0.011238
0.996195,-0.083295,0.023118,-0.011065
0.996190,-0.083373,0.023147,-0.010933
0.996189,-0.083406,0.023114,-0.010821
0.996190,-0.083377,0.023284,-0.010548
0.996193,-0.083328,0.023427,-0.010325
0.996200,-0.083239,0.023517,-0.010199
0.996201,-0.083214,0.023636,-0.010033
0.996199,-0.083222,0.023770,-0.009847
0.996202,-0.083210,0.023831,-0.009497
0.996206,-0.083191,0.023814,-0.009286
0.996212,-0.083160,0.023638,-0.009353
0.996221,-0.083051,0.023703,-0.009242
0.996230,-0.082903,0.023889,-0.009041
0.996234,-0.082848,0.024005,-0.008780
0.996240,-0.082792,0.024062,-0.008477
0.996250,-0.082733,0.024000,-0.008090
0.996245,-0.082795,0.024065,-0.007892
0.996232,-0.082919,0.024193,-0.007789
0.996239,-0.082755,0.024432,-0.007897
0.996244,-0.082639,0.024593,-0.007964
0.996246,-0.082620,0.024596,-0.007946
0.996251,-0.082514,0.024695,-0.008101
0.996258,-0.082365,0.024841,-0.008342
0.996250,-0.082379,0.025107,-0.008299
0.996246,-0.082381,0.025308,-0.008235
0.996246,-0.082359,0.025381,-0.008125
0.996233,-0.082481,0.025387,-0.008436
0.996213,-0.082677,0.025361,-0.008956
0.996208,-0.082692,0.025576,-0.008799
0.996201,-0.082742,0.025734,-0.008640
0.996192,-0.082859,0.025777,-0.008479
0.996184,-0.082902,0.025934,-0.008544
0.996176,-0.082906,0.026147,-0.008723
0.996176,-0.082801,0.026415,-0.008929
0.996173,-0.082760,0.026602,-0.009061
0.996165,-0.082847,0.026625,-0.009048
0.996165,-0.082826,0.026763,-0.008917
0.996167,-0.082752,0.026957,-0.008727
0.996159,-0.082767,0.027150,-0.008936
0.996154,-0.082755,0.027293,-0.009203
0.996155,-0.082686,0.027336,-0.009587
0.996152,-0.082629,0.027550,-0.009726
0.996148,-0.082578,0.027851,-0.009744
0.996142,-0.082540,0.028250,-0.009537
0.996133,-0.082550,0.028544,-0.009493
0.996119,-0.082655,0.028628,-0.009773
0.996109,-0.082701,0.028844,-0.009734
0.996102,-0.082717,0.029126,-0.009536
0.996092,-0.082775,0.029374,-0.009323
0.996084,-0.082790,0.029643,-0.009189
0.996080,-0.082717,0.029956,-0.009211
0.996079,-0.082655,0.030195,-0.009071
0.996080,-0.082598,0.030398,-0.008851
0.996079,-0.082539,0.030663,-0.008575
0.996077,-0.082456,0.031004,-0.008340
0.996074,-0.082327,0.031496,-0.008187
0.996071,-0.082255,0.031826,-0.008041
0.996067,-0.082211,0.032074,-0.007898
0.996044,-0.082300,0.032595,-0.007744
0.996028,-0.082284,0.033174,-0.007596
0.996024,-0.082059,0.033872,-0.007463
0.996008,-0.082028,0.034482,-0.007135
0.995985,-0.082095,0.035049,-0.006709
0.996002,-0.081826,0.035193,-0.006719
0.996003,-0.081648,0.035599,-0.006655
0.995970,-0.081652,0.036530,-0.006442
0.995942,-0.081673,0.037320,-0.005999
0.995916,-0.081702,0.038038,-0.005441
0.995914,-0.081367,0.038816,-0.005219
0.995907,-0.081137,0.039519,-0.004968
0.995888,-0.081114,0.040075,-0.004656
0.995862,-0.081207,0.040572,-0.004198
0.995833,-0.081359,0.041039,-0.003666
0.995796,-0.081392,0.041914,-0.002923
0.995768,-0.081407,0.042578,-0.002246
0.995761,-0.081388,0.042818,-0.001703
0.995743,-0.081306,0.043403,-0.001322
0.995719,-0.081191,0.044159,-0.001022
0.995690,-0.081178,0.044848,-0.000510
0.995663,-0.081160,0.045471,-0.000097
0.995643,-0.081131,0.045960,0.000119
0.995631,-0.080983,0.046482,0.000248
0.995622,-0.080777,0.047020,0.000332
0.995594,-0.080806,0.047568,0.001061
0.995559,-0.080848,0.048203,0.001665
0.995513,-0.080919,0.049010,0.002022
0.995471,-0.080936,0.049802,0.002395
0.995432,-0.080925,0.050588,0.002775
0.995395,-0.080920,0.051287,0.003214
0.995366,-0.080878,0.051887,0.003558
0.995354,-0.080763,0.052286,0.003711
0.995340,-0.080631,0.052733,0.004062
0.995324,-0.080491,0.053203,0.004512
0.995308,-0.080465,0.053515,0.004783
0.995286,-0.080442,0.053923,0.005126
0.995252,-0.080425,0.054525,0.005612
0.995235,-0.080263,0.055022,0.006106
0.995226,-0.080029,0.055467,0.006603
0.995207,-0.079821,0.056100,0.006697
0.995192,-0.079643,0.056605,0.006838
0.995186,-0.079521,0.056851,0.007074
0.995165,-0.079479,0.057242,0.007290
0.995137,-0.079477,0.057706,0.007497
0.995131,-0.079330,0.057954,0.007959
0.995120,-0.079197,0.058262,0.008349
0.995101,-0.079090,0.058692,0.008596
0.995084,-0.078916,0.059199,0.008684
0.995068,-0.078709,0.059743,0.008692
0.995060,-0.078546,0.060063,0.008838
0.995051,-0.078402,0.060382,0.008952
0.995040,-0.078297,0.060701,0.009003
0.995024,-0.078225,0.061011,0.009272
0.995006,-0.078168,0.061316,0.009650
0.994991,-0.078039,0.061750,0.009495
0.994971,-0.077927,0.062206,0.009489
0.994943,-0.077851,0.062706,0.009783
0.994927,-0.077792,0.063023,0.009871
0.994916,-0.077741,0.063250,0.009856
0.994887,-0.077765,0.063634,0.010154
0.994863,-0.077720,0.064036,0.010325
0.994850,-0.077539,0.064473,0.010240
0.994818,-0.077523,0.064962,0.010388
0.994776,-0.077588,0.065477,0.010653
0.994756,-0.077639,0.065712,0.010678
0.994734,-0.077638,0.066034,0.010802
0.994705,-0.077535,0.066528,0.011126
0.994685,-0.077431,0.066933,0.011220
0.994669,-0.077326,0.067294,0.011200
0.994643,-0.077278,0.067722,0.011263
0.994619,-0.077243,0.068102,0.011324
0.994600,-0.077235,0.068385,0.011382
0.994598,-0.077125,0.068584,0.011102
0.994604,-0.076964,0.068740,0.010651
0.994611,-0.076839,0.068766,0.010737
0.994611,-0.076778,0.068834,0.010807
0.994595,-0.076846,0.068983,0.010844
0.994579,-0.076790,0.069268,0.010812
0.994565,-0.076672,0.069621,0.010745
0.994559,-0.076688,0.069700,0.010635
0.994552,-0.076651,0.069856,0.010505
0.994543,-0.076506,0.070166,0.010334
0.994524,-0.076587,0.070321,0.010599
0.994498,-0.076780,0.070398,0.011082
0.994498,-0.076805,0.070377,0.011072
0.994493,-0.076855,0.070391,0.011078
0.994479,-0.076953,0.070477,0.011119
0.994471,-0.076969,0.070586,0.010970
0.994467,-0.076945,0.070706,0.010727
0.994464,-0.076972,0.070712,0.010747
0.994463,-0.076982,0.070711,0.010867
0.994462,-0.076955,0.070693,0.011185
0.994459,-0.076959,0.070715,0.011337
0.994453,-0.076978,0.070757,0.011408
0.994439,-0.076909,0.070977,0.011733
0.994427,-0.076837,0.071192,0.011951
0.994418,-0.076760,0.071398,0.011954
0.994421,-0.076762,0.071362,0.011888
0.994430,-0.076805,0.071204,0.011789
0.994413,-0.076931,0.071251,0.012185
0.994396,-0.077063,0.071280,0.012537
0.994382,-0.077207,0.071276,0.012801
0.994378,-0.077316,0.071219,0.012740
0.994380,-0.077407,0.071135,0.012516
0.994378,-0.077546,0.070973,0.012738
0.994375,-0.077653,0.070875,0.012865
0.994370,-0.077699,0.070906,0.012804
0.994365,-0.077745,0.070952,0.012605
0.994361,-0.077792,0.071006,0.012337
0.994329,-0.078251,0.070854,0.012907
0.994303,-0.078601,0.070753,0.013286
0.994293,-0.078733,0.070755,0.013282
0.994291,-0.078805,0.070709,0.013263
0.994293,-0.078845,0.070638,0.013237
0.994267,-0.079016,0.070811,0.013263
0.994249,-0.079173,0.070885,0.013274
0.994248,-0.079304,0.070758,0.013256
0.994224,-0.079424,0.070921,0.013418
0.994190,-0.079537,0.071229,0.013669
0.994175,-0.079651,0.071263,0.013886
0.994161,-0.079746,0.071334,0.013984
0.994148,-0.079802,0.071481,0.013841
0.994143,-0.079855,0.071578,0.013434
0.994140,-0.079906,0.071650,0.012895
0.994100,-0.080293,0.071688,0.013374
0.994069,-0.080552,0.071767,0.013695
0.994057,-0.080554,0.071928,0.013701
0.994035,-0.080686,0.072042,0.013928
0.994008,-0.080883,0.072132,0.014268
0.993998,-0.081021,0.072099,0.014327
0.993984,-0.081195,0.072073,0.014412
0.993963,-0.081442,0.072063,0.014550
0.993940,-0.081655,0.072121,0.014660
0.993916,-0.081852,0.072211,0.014756
0.993910,-0.082008,0.072140,0.014586
0.993905,-0.082099,0.072122,0.014535
0.993899,-0.082060,0.072211,0.014720
0.993880,-0.082177,0.072317,0.014830
0.993855,-0.082370,0.072430,0.014901
0.993845,-0.082405,0.072539,0.014819
0.993827,-0.082524,0.072632,0.014921
0.993792,-0.082809,0.072690,0.015394
0.993779,-0.082867,0.072797,0.015407
0.993777,-0.082811,0.072930,0.015191
0.993769,-0.082948,0.072821,0.015472
0.993767,-0.083051,0.072697,0.015661
0.993775,-0.083088,0.072542,0.015664
0.993763,-0.083179,0.072551,0.015892
0.993741,-0.083297,0.072643,0.016233
0.993697,-0.083486,0.072953,0.016582
0.993672,-0.083624,0.073098,0.016751
0.993685,-0.083660,0.072911,0.016561
0.993688,-0.083707,0.072822,0.016543
0.993686,-0.083757,0.072783,0.016610
0.993693,-0.083892,0.072548,0.016523
0.993692,-0.084020,0.072416,0.016491
0.993676,-0.084135,0.072493,0.016567
0.993676,-0.084196,0.072441,0.016452
0.993685,-0.084229,0.072327,0.016241
0.993667,-0.084287,0.072449,0.016486
0.993650,-0.084361,0.072544,0.016751
0.993633,-0.084465,0.072583,0.017060
0.993618,-0.084648,0.072583,0.017048
0.993603,-0.084871,0.072562,0.016876
0.993603,-0.084895,0.072518,0.016929
0.993598,-0.084944,0.072530,0.016940
0.993582,-0.085043,0.072655,0.016869
0.993573,-0.085015,0.072725,0.017184
0.993569,-0.084925,0.072767,0.017694
0.993559,-0.085090,0.072767,0.017467
0.993547,-0.085206,0.072783,0.017511
0.993532,-0.085223,0.072829,0.018095
0.993508,-0.085364,0.072921,0.018363
0.993480,-0.085566,0.073036,0.018473
0.993490,-0.085622,0.072872,0.018352
0.993495,-0.085690,0.072746,0.018266
0.993490,-0.085783,0.072700,0.018247
0.993488,-0.085768,0.072740,0.018295
0.993486,-0.085698,0.072823,0.018377
0.993462,-0.085793,0.073020,0.018471
0.993446,-0.085878,0.073131,0.018501
0.993446,-0.085944,0.073070,0.018405
0.993453,-0.085965,0.073009,0.018211
0.993462,-0.085963,0.072947,0.017968
0.993477,-0.085915,0.072853,0.017728
0.993484,-0.085906,0.072807,0.017597
0.993472,-0.085975,0.072859,0.017684
0.993466,-0.085989,0.072875,0.017903
0.993462,-0.085975,0.072874,0.018188
0.993454,-0.086022,0.072965,0.018068
0.993454,-0.086019,0.072984,0.018007
0.993471,-0.085916,0.072855,0.018064
0.993463,-0.085940,0.072930,0.018051
0.993444,-0.086027,0.073107,0.018003
0.993444,-0.085966,0.073189,0.017935
0.993445,-0.085866,0.073309,0.017868
0.993447,-0.085689,0.073506,0.017805
0.993453,-0.085517,0.073626,0.017783
0.993462,-0.085346,0.073708,0.017783
0.993469,-0.085404,0.073584,0.017632
0.993476,-0.085443,0.073479,0.017460
0.993485,-0.085443,0.073411,0.017246
0.993504,-0.085410,0.073242,0.017063
0.993527,-0.085361,0.073021,0.016896
0.993528,-0.085342,0.073059,0.016765
0.993528,-0.085281,0.073126,0.016778
0.993526,-0.085138,0.073251,0.017081
0.993519,-0.085062,0.073414,0.017200
0.993508,-0.085019,0.073597,0.017229
0.993494,-0.085063,0.073672,0.017480
0.993482,-0.085026,0.073833,0.017685
0.993472,-0.084828,0.074166,0.017799
0.993471,-0.084802,0.074173,0.017944
0.993475,-0.084862,0.074015,0.018103
0.993476,-0.084748,0.074177,0.017894
0.993476,-0.084582,0.074416,0.017733
0.993470,-0.084313,0.074812,0.017666
0.993471,-0.084190,0.074945,0.017644
0.993475,-0.084140,0.074946,0.017643
0.993469,-0.084109,0.074955,0.018066
0.993467,-0.084106,0.074939,0.018287
0.993471,-0.084157,0.074872,0.018103
0.993477,-0.084256,0.074683,0.018075
0.993485,-0.084379,0.074432,0.018126
0.993471,-0.084475,0.074465,0.018291
0.993468,-0.084464,0.074482,0.018420
0.993487,-0.084243,0.074465,0.018478
0.993480,-0.084219,0.074573,0.018529
0.993460,-0.084295,0.074743,0.018577
0.993497,-0.084231,0.074352,0.018451
0.993512,-0.084184,0.074201,0.018467
0.993482,-0.084173,0.074533,0.018769
0.993474,-0.084208,0.074514,0.019147
0.993475,-0.084265,0.074320,0.019562
0.993483,-0.084235,0.074252,0.019553
0.993496,-0.084161,0.074168,0.019542
0.993519,-0.083998,0.074051,0.019526
0.993533,-0.083906,0.073990,0.019416
0.993543,-0.083850,0.073958,0.019259
0.993555,-0.083751,0.073853,0.019480
0.993562,-0.083719,0.073781,0.019570
0.993557,-0.083823,0.073775,0.019398
0.993568,-0.083845,0.073638,0.019213
0.993589,-0.083827,0.073437,0.019020
0.993609,-0.083703,0.073330,0.018925
0.993627,-0.083621,0.073208,0.018777
0.993643,-0.083619,0.073059,0.018520
0.993642,-0.083488,0.073199,0.018632
0.993632,-0.083294,0.073483,0.018930
0.993653,-0.083283,0.073326,0.018459
0.993672,-0.083353,0.073067,0.018149
0.993686,-0.083586,0.072602,0.018157
0.993681,-0.083616,0.072629,0.018195
0.993666,-0.083546,0.072901,0.018247
0.993694,-0.083384,0.072815,0.017827
0.993712,-0.083266,0.072759,0.017600
0.993711,-0.083236,0.072761,0.017762
0.993726,-0.083023,0.072864,0.017514
0.993748,-0.082718,0.073017,0.017062
0.993746,-0.082873,0.072882,0.016977
0.993748,-0.082951,0.072796,0.016858
0.993757,-0.082874,0.072808,0.016673
0.993760,-0.082786,0.072898,0.016508
0.993761,-0.082693,0.073028,0.016352
0.993785,-0.082545,0.072899,0.016223
0.993806,-0.082401,0.072809,0.016047
0.993823,-0.082265,0.072799,0.015777
0.993824,-0.082160,0.072953,0.015549
0.993817,-0.082071,0.073190,0.015343
0.993820,-0.082074,0.073105,0.015550
0.993822,-0.082053,0.073061,0.015717
0.993824,-0.081982,0.073096,0.015804
