body_0_vel_x,body_0_vel_y,body_0_vel_z
0.002030,-0.001374,-0.100034
-0.053215,0.036416,-0.086921
-0.163704,0.111997,-0.060695
-0.052176,0.013954,-0.019335
0.003588,-0.035067,0.001345
0.000685,0.044005,0.006838
0.004402,0.013845,0.008767
0.011835,-0.046475,0.012626
-0.010716,0.006552,0.009453
-0.021992,0.033066,0.007866
0.042925,-0.058440,0.010917
0.021975,-0.028608,0.008032
-0.019924,0.031056,0.002264
0.001353,-0.025850,0.007896
0.011992,-0.054303,0.010713
0.025975,0.014208,0.002246
0.009611,0.003781,0.003767
-0.023116,-0.017071,0.006809
0.016130,-0.020438,0.006120
0.035752,-0.022121,0.005776
-0.019131,0.023158,0.006804
-0.004530,0.000731,0.006574
0.024672,-0.044122,0.006114
-0.004758,0.005511,0.000849
-0.019473,0.030327,-0.001783
0.024717,-0.034162,0.005574
0.012100,-0.013952,0.003598
-0.013136,0.026467,-0.000354
0.018086,-0.018651,0.000005
0.033697,-0.041209,0.000184
-0.016844,0.017929,-0.002734
0.001542,0.005891,-0.000995
0.038313,-0.018184,0.002482
-0.011791,-0.003513,-0.007210
-0.036844,0.003823,-0.012056
0.054028,-0.006827,-0.000837
0.023722,-0.006723,-0.002583
-0.036889,-0.006513,-0.006074
0.019204,-0.001356,0.005357
0.047250,0.001223,0.011072
-0.032078,-0.001544,0.006343
-0.005620,-0.003689,0.006207
0.047298,-0.007979,0.005937
-0.002717,0.009253,0.007029
-0.027725,0.017869,0.007575
0.032121,-0.030306,-0.001745
0.017540,-0.008781,-0.000888
-0.011623,0.034271,0.000826
0.004082,-0.016492,0.002629
0.011934,-0.041873,0.003530
0.009145,0.039784,0.015412
0.005462,0.012703,0.012962
-0.001903,-0.041460,0.008061
0.001855,0.012668,0.000082
0.003733,0.039732,-0.003907
-0.001371,-0.036599,0.009064
0.001751,-0.009906,0.006332
0.007996,0.043479,0.000867
-0.002644,-0.010365,0.000210
-0.007965,-0.037288,-0.000118
0.021962,0.041455,0.003449
0.007492,0.019532,0.000739
-0.021448,-0.024315,-0.004683
0.014722,0.011380,0.001073
0.032806,0.029227,0.003952
-0.031828,-0.009846,-0.002927
-0.006346,-0.007080,-0.002765
0.044620,-0.001550,-0.002441
-0.011745,0.009516,0.000798
-0.039928,0.015049,0.002418
0.039650,-0.024175,-0.009423
0.017770,-0.005645,0.000637
-0.025991,0.031416,0.020759
0.002626,-0.014679,-0.003095
0.016934,-0.037726,-0.015022
-0.006651,0.030849,0.004588
-0.003427,0.009910,0.007257
0.003020,-0.031968,0.012596
-0.000249,0.005683,-0.011491
-0.001883,0.024509,-0.023534
0.003740,-0.036049,0.030969
0.000376,-0.010108,0.015310
-0.006352,0.041775,-0.016007
0.002410,-0.008232,-0.000260
0.006792,-0.033235,0.007614
-0.020532,0.028760,0.016776
-0.008653,0.018729,0.003190
0.015104,-0.001332,-0.023983
0.003359,-0.017703,0.001515
-0.002514,-0.025888,0.014264
-0.014929,0.034549,-0.000356
-0.000193,0.016751,-0.007885
0.029279,-0.018844,-0.022944
-0.018100,0.000455,0.008511
-0.041789,0.010105,0.024238
0.036740,0.004133,-0.030411
0.008845,0.001053,-0.013670
-0.046944,-0.005107,0.019811
0.008054,0.015324,-0.011310
0.035553,0.025539,-0.026870
-0.047091,-0.019720,-0.002736
-0.020408,-0.003451,-0.004037
0.032960,0.029089,-0.006639
-0.022780,0.003859,-0.018799
-0.050650,-0.008756,-0.024878
0.038564,0.015292,0.013869
0.006675,0.007178,-0.001065
-0.057103,-0.009050,-0.030933
0.011493,-0.000701,0.004140
0.045792,0.003473,0.021676
-0.053517,-0.001790,-0.014902
-0.022921,-0.001984,-0.009357
0.038271,-0.002372,0.001734
-0.029567,-0.005840,0.010400
-0.063486,-0.007575,0.014732
0.009962,-0.012702,-0.034030
0.000240,-0.003966,-0.008234
-0.019205,0.013505,0.043357
-0.013853,-0.011157,-0.018589
-0.011177,-0.023488,-0.049562
-0.011981,0.017824,0.047768
-0.012095,0.002556,0.032142
-0.012323,-0.027981,0.000889
-0.013362,-0.014087,-0.009705
-0.013881,-0.007140,-0.015002
-0.000932,0.030101,0.025599
-0.003849,0.001438,0.013581
-0.009683,-0.055887,-0.010455
0.004164,0.011200,0.009182
0.011088,0.044744,0.019001
-0.016227,-0.049043,-0.015058
-0.003673,-0.021883,-0.002870
0.021434,0.032437,0.021506
-0.014174,-0.016381,-0.010306
-0.031978,-0.040789,-0.026212
0.030627,0.030384,0.032963
0.009872,0.011334,0.017956
-0.031639,-0.026768,-0.012057
-0.000573,0.015508,-0.003336
0.014961,0.036645,0.001025
-0.012080,-0.038821,0.025213
-0.006164,-0.014041,0.008535
0.005666,0.035519,-0.024819
-0.000981,-0.010653,0.022746
-0.004305,-0.033740,0.046529
0.005387,0.016602,-0.037975
-0.002281,0.003285,-0.012236
-0.017615,-0.023348,0.039241
0.006523,0.003705,-0.011740
0.018592,0.017232,-0.037231
-0.010897,-0.035403,0.028743
-0.012094,-0.015271,0.011457
-0.014487,0.024993,-0.023115
0.004712,-0.009810,0.005952
0.014311,-0.027211,0.020485
-0.035964,0.013717,-0.013350
-0.013034,0.006692,-0.003374
0.032826,-0.007357,0.016580
-0.020412,-0.006835,-0.008579
-0.047030,-0.006574,-0.021159
0.036098,0.009094,0.022110
0.011185,0.002622,0.004135
-0.038640,-0.010321,-0.031815
-0.008636,0.002802,0.015259
0.006366,0.009363,0.038795
0.003355,0.010426,-0.042288
-0.001227,0.003253,-0.016125
-0.010392,-0.011092,0.036199
0.007364,0.019135,-0.011827
0.016241,0.034248,-0.035840
-0.009121,-0.025700,0.038835
-0.000367,-0.011137,0.010226
0.017140,0.017990,-0.046992
0.004607,0.006055,0.015632
-0.001660,0.000088,0.046944
0.019774,-0.022915,-0.034563
0.009006,-0.002753,-0.015816
-0.012529,0.037571,0.021678
0.017450,-0.016699,0.002874
0.032440,-0.043833,-0.006528
-0.019812,0.035068,-0.006047
0.000738,0.011380,-0.004062
0.041836,-0.035994,-0.000091
0.007092,-0.001948,0.013258
-0.010281,0.015075,0.019932
0.021919,-0.026332,-0.037796
0.019186,-0.011991,-0.010307
0.013721,0.016691,0.044671
0.016293,-0.009281,-0.010613
0.017580,-0.022267,-0.038255
-0.002712,0.021971,0.029544
0.009139,0.001891,0.014533
0.032840,-0.038269,-0.015489
0.009424,-0.005999,-0.008715
-0.002283,0.010136,-0.005329
0.029632,-0.011561,0.024923
0.020285,-0.011494,0.003631
0.001589,-0.011359,-0.038955
0.019521,0.001565,0.014032
0.028487,0.008028,0.040525
0.004550,-0.025563,-0.037594
0.010075,-0.012954,-0.013731
0.021125,0.012264,0.033994
0.011537,-0.008318,-0.013464
0.006743,-0.018608,-0.037193
0.025054,-0.009050,0.031189
0.016644,0.000171,0.012486
-0.000177,0.018614,-0.024920
0.007369,-0.019670,-0.000731
0.011142,-0.038812,0.011364
-0.000610,0.037101,-0.007555
0.003606,0.011642,-0.007625
0.012038,-0.039275,-0.007764
0.009954,0.011921,0.013626
0.008912,0.037520,0.024320
0.009927,-0.036157,-0.028456
0.004841,-0.013605,-0.010591
-0.005332,0.031498,0.025141
-0.003345,-0.008945,-0.010258
-0.002352,-0.029166,-0.027958
0.013495,0.018422,0.029635
0.000574,0.012005,0.009663
-0.025266,-0.000827,-0.030282
0.001386,-0.016018,0.011688
0.014713,-0.023613,0.032673
-0.022804,0.022726,-0.022661
-0.012206,0.004389,-0.005544
0.008990,-0.032283,0.028691
-0.027505,-0.000361,-0.001380
-0.045753,0.015600,-0.016415
0.016323,-0.000447,0.012850
-0.007723,-0.002216,0.009712
-0.055816,-0.005754,0.003437
-0.004373,-0.001423,0.002249
0.021349,0.000742,0.001656
-0.053353,-0.010296,0.015509
-0.031946,-0.002893,0.006272
0.010868,0.011912,-0.012200
-0.015631,-0.014334,0.008963
-0.028881,-0.027457,0.019544
0.007404,0.027232,0.001050
0.004049,0.003156,0.000108
-0.002661,-0.044996,-0.001774
-0.023087,0.010468,0.007679
-0.033300,0.038200,0.012406
0.016692,-0.021201,-0.011387
-0.008852,-0.007579,-0.007841
-0.059940,0.019666,-0.000749
0.012534,0.000696,-0.001609
0.048771,-0.008789,-0.002038
-0.049249,-0.002078,-0.006741
-0.022111,0.003658,-0.005933
0.032166,0.015130,-0.004317
-0.015003,-0.001722,-0.003134
-0.038587,-0.010148,-0.002543
0.039421,0.026829,-0.002471
0.016782,0.010463,0.000204
-0.028497,-0.022268,0.005556
0.002908,0.002345,0.002257
0.018611,0.014651,0.000608
0.002879,-0.007170,0.005296
-0.005855,0.005411,0.001590
-0.023324,0.030574,-0.005822
0.009014,-0.015596,0.003705
0.025184,-0.038681,0.008469
-0.013377,0.041355,-0.000964
-0.007153,0.010685,-0.002050
0.005296,-0.050657,-0.004224
0.001768,0.016563,0.004479
0.000005,0.050173,0.008830
-0.001265,-0.044565,-0.010266
-0.000650,-0.012546,-0.004390
0.000580,0.051492,0.007360
0.010235,-0.012829,-0.007285
0.015062,-0.044989,-0.014607
-0.021651,0.029428,0.008478
0.000087,0.014191,0.002127
0.043562,-0.016284,-0.010575
-0.013590,-0.014188,-0.004712
-0.042166,-0.013141,-0.001781
0.044606,0.016659,0.007235
0.021992,0.001925,-0.002295
-0.023235,-0.027542,-0.021356
0.003131,0.018301,-0.000072
0.016314,0.041222,0.010570
0.012768,-0.046163,-0.003873
0.002428,-0.020169,-0.006289
-0.018251,0.031819,-0.011122
0.017134,-0.007035,0.004979
0.034827,-0.026462,0.013030
-0.033721,0.003207,-0.010352
-0.004680,0.000824,-0.008060
0.053402,-0.003941,-0.003476
-0.009505,-0.007594,0.008569
-0.040959,-0.009421,0.014591
0.046657,-0.019836,-0.011537
0.021584,-0.006471,-0.005668
-0.028563,0.020258,0.006069
0.009098,-0.020092,0.005200
0.027928,-0.040267,0.004765
-0.017642,0.041258,-0.000463
-0.004274,0.013059,0.000126
0.022461,-0.043338,0.001304
-0.002236,0.015886,0.002629
-0.014584,0.045498,0.003292
0.031401,-0.033471,-0.007256
0.011370,-0.013055,-0.003069
-0.028692,0.027777,0.005305
0.019816,0.009753,-0.001054
0.044070,0.000741,-0.004234
-0.029954,-0.023698,-0.005690
-0.010650,-0.003261,-0.001734
0.027959,0.037613,0.006178
-0.001429,-0.017814,-0.005484
-0.016123,-0.045528,-0.011315
0.018083,0.057179,0.006913
0.008428,0.021612,0.001503
-0.010883,-0.049522,-0.009318
0.001281,0.022712,-0.003125
0.007363,0.058830,-0.000029
0.009359,-0.053412,-0.001886
0.001560,-0.019555,-0.002855
-0.014039,0.048159,-0.004792
0.010176,-0.011114,0.001627
0.022284,-0.040750,0.004837
-0.018322,0.044811,-0.013105
-0.004543,0.017052,-0.002534
0.023015,-0.038466,0.018607
-0.009868,0.008611,-0.014826
-0.026310,0.032150,-0.031543
0.019269,0.006020,0.036415
0.012766,-0.000344,0.012176
-0.000240,-0.013071,-0.036303
-0.010321,0.020167,0.003120
-0.015361,0.036786,0.022831
0.025870,-0.026454,-0.015918
0.005678,-0.004110,-0.005795
-0.034705,0.040579,0.014450
0.009281,-0.006559,0.008485
0.031274,-0.030128,0.005502
-0.012153,0.040295,-0.012787
-0.005374,0.019268,-0.001573
0.008183,-0.022785,0.020855
-0.018986,0.008719,-0.005581
-0.032570,0.024470,-0.018799
0.038827,-0.005523,0.017186
0.014290,-0.003047,0.013688
-0.034784,0.001904,0.006691
0.001954,-0.000536,-0.010484
0.020323,-0.001756,-0.019072
0.004999,-0.002905,0.038921
-0.005503,-0.003302,0.019663
-0.026507,-0.004097,-0.018852
0.018548,-0.005233,0.008438
0.041076,-0.005802,0.022084
-0.035439,-0.005758,0.007231
-0.002785,-0.012454,0.011815
0.062524,-0.025846,0.020982
-0.004260,-0.006463,0.019284
-0.037653,0.003229,0.018436
0.054728,-0.029555,0.004320
0.032799,-0.025592,0.014415
-0.011061,-0.017666,0.034604
0.036447,-0.001018,0.002441
0.060201,0.007306,-0.013640
0.011023,-0.052757,0.029322
0.019367,-0.027712,0.021484
0.036054,0.022377,0.005808
0.025751,-0.031855,0.001272
0.020600,-0.058971,-0.000996
0.035755,0.018894,0.032292
0.029618,-0.005039,0.017535
0.017344,-0.052904,-0.011979
0.037852,-0.011956,0.007250
0.048106,0.008518,0.016864
-0.001042,-0.041102,0.017729
0.017928,-0.026634,0.007898
0.055868,0.002301,-0.011766
0.017406,-0.025995,0.019116
-0.001825,-0.040143,0.034558
0.038554,0.014116,-0.014557
0.033499,-0.005406,-0.006855
0.023389,-0.044450,0.008551
0.028273,0.004466,0.016478
0.030715,0.028924,0.020442
0.011198,-0.036996,-0.012344
0.023189,-0.013902,-0.000774
0.047172,0.032286,0.022366
0.009038,-0.007591,-0.011239
-0.010029,-0.027529,-0.028042
0.052156,0.007782,0.036998
0.035391,0.008961,0.016845
0.001862,0.011319,-0.023462
0.026451,-0.023972,-0.004148
0.038745,-0.041618,0.005509
0.009545,0.033428,0.025215
0.014288,0.010729,0.004765
0.023775,-0.034671,-0.036133
0.021863,-0.002639,0.017310
0.020906,0.013377,0.044031
0.021891,-0.014687,-0.048444
0.020118,-0.010965,-0.016978
0.016571,-0.003521,0.045955
0.023546,-0.003285,-0.017542
0.027034,-0.003167,-0.049290
0.013684,-0.002950,0.052124
0.013858,-0.007099,0.019407
0.014205,-0.015396,-0.046028
0.018792,0.006672,0.004202
0.021085,0.017706,0.029317
0.002437,-0.035707,-0.008869
0.009466,-0.010467,-0.008870
0.023523,0.040011,-0.008871
0.014915,-0.013813,0.007512
0.010612,-0.040725,0.015703
0.003798,0.042092,-0.020792
0.011381,0.015402,-0.005629
0.026548,-0.037978,0.024698
0.010423,0.012960,-0.009791
0.002361,0.038428,-0.027035
0.014605,-0.034831,0.024154
0.010607,-0.014145,0.007938
0.002612,0.027227,-0.024494
0.026420,0.002127,0.004654
0.038323,-0.010423,0.019228
-0.027529,-0.008602,0.003203
0.000313,0.000473,-0.004069
0.055997,0.018625,-0.018613
0.000374,-0.008384,0.016543
-0.027438,-0.021889,0.034121
0.035348,0.012504,-0.037023
0.017604,0.008134,-0.010530
-0.017886,-0.000608,0.042458
0.012705,-0.009962,-0.015630
0.028000,-0.014639,-0.044673
-0.002890,0.025129,0.045812
0.001565,0.008065,0.017130
0.010476,-0.026063,-0.040233
0.008589,0.015757,0.006816
0.007645,0.036667,0.030341
0.001870,-0.042994,-0.025190
0.005658,-0.012872,-0.010256
0.013233,0.047373,0.019612
0.002919,-0.012773,-0.004796
-0.002238,-0.042846,-0.017000
0.025866,0.043862,0.017830
0.009030,0.020115,0.004536
-0.024643,-0.027379,-0.022051
0.027363,0.001632,0.002745
0.053366,0.016137,0.015144
-0.047457,-0.006417,-0.009626
-0.014440,-0.002129,-0.003415
0.051596,0.006446,0.009007
-0.006368,0.001106,-0.016788
-0.035350,-0.001563,-0.029685
0.006091,0.003518,0.040780
0.007239,0.002378,0.010869
0.009536,0.000100,-0.048954
-0.009466,0.009571,0.015824
-0.018967,0.014306,0.048214
0.009964,-0.022229,-0.048525
0.001683,-0.003984,-0.023779
-0.014878,0.032507,0.025712
-0.000873,-0.013460,-0.004097
0.006129,-0.036444,-0.019001
-0.016378,0.042573,-0.006444
-0.009710,0.016515,-0.001633
0.003626,-0.035600,0.007991
-0.010748,0.013845,-0.012932
-0.017935,0.038568,-0.023394
0.000578,-0.032951,0.028632
0.000458,-0.011180,0.003996
0.000218,0.032362,-0.045276
-0.018862,0.000429,0.008910
-0.028402,-0.015538,0.036002
0.032720,0.018153,-0.038751
0.004950,0.008464,-0.018275
-0.050589,-0.010913,0.022675
0.007291,0.016801,-0.009522
0.036232,0.030658,-0.025620
-0.041507,-0.024521,0.007144
-0.017427,-0.001874,-0.001070
0.030733,0.043419,-0.017497
-0.015048,0.001732,0.005437
-0.037939,-0.019111,0.016903
0.028518,0.018263,-0.028328
0.010630,0.013281,-0.009224
-0.025147,0.003317,0.028984
-0.002686,0.010764,-0.020359
0.008544,0.014487,-0.045031
-0.028315,0.015109,0.028165
-0.001360,0.006270,0.009795
0.052550,-0.011409,-0.026944
-0.024991,0.023087,-0.001888
-0.063762,0.040335,0.010639
0.050477,-0.026877,-0.031262
0.026131,-0.005507,-0.011959
-0.022561,0.037231,0.026647
-0.010875,0.010288,-0.026339
-0.005032,-0.003183,-0.052832
0.010793,0.006242,0.039872
0.010377,0.009847,0.009627
0.009544,0.017057,-0.050862
-0.019362,0.007257,0.013025
-0.033815,0.002357,0.044968
0.021247,0.009000,-0.050041
0.016653,0.008596,-0.022859
0.007466,0.007787,0.031505
-0.013040,0.007613,0.001002
-0.023293,0.007526,-0.014250
0.032196,0.014298,-0.008363
0.021618,0.005658,0.000101
0.000463,-0.011622,0.017030
-0.011514,0.015035,-0.010096
-0.017502,0.028364,-0.023659
0.039097,-0.019831,-0.006623
0.013098,-0.000766,-0.003471
-0.038899,0.037364,0.002834
0.020866,-0.010941,-0.000034
0.050748,-0.035094,-0.001468
-0.039170,0.035736,-0.041884
-0.018879,0.023718,-0.009124
0.021703,-0.000318,0.056396
0.005890,-0.011441,-0.037599
-0.002017,-0.017002,-0.084597
0.014467,0.018461,0.060697
0.006326,0.013979,0.015845
-0.009957,0.005014,-0.073857
-0.002769,0.006588,0.014367
0.000826,0.007374,0.058479
-0.002066,0.007366,-0.063273
-0.001526,0.005181,-0.022063
-0.000448,0.000811,0.060359
0.003024,0.002659,-0.022675
0.004760,0.003583,-0.064192
-0.000256,-0.004306,0.058665
0.001787,-0.000681,0.018815
0.005871,0.006568,-0.060884
0.001831,0.000644,0.016143
-0.000189,-0.002318,0.054656
0.011928,0.002101,-0.050724
0.007584,-0.002732,-0.014696
-0.001103,-0.012397,0.057362
0.013617,0.006195,-0.017514
0.020977,0.015491,-0.054951
-0.022702,-0.031053,0.049725
-0.006502,-0.013719,0.024313
0.025897,0.020949,-0.026509
-0.004282,0.008715,-0.000649
-0.019372,0.002598,0.012281
0.030083,-0.029685,0.002332
0.014345,-0.006084,0.005902
-0.017131,0.041120,0.013043
0.014662,-0.010989,-0.007379
0.030558,-0.037044,-0.017590
-0.030513,0.019900,0.027605
-0.008318,0.012124,0.009943
0.036074,-0.003426,-0.025381
-0.010386,-0.001982,0.013702
-0.033616,-0.001260,0.033243
0.042152,-0.005645,-0.034366
0.018862,-0.003860,-0.009069
-0.027717,-0.000291,0.041526
0.016921,-0.011068,-0.006482
0.039240,-0.016456,-0.030486
-0.023890,0.015909,0.039647
-0.003349,0.001671,0.018611
0.037732,-0.026805,-0.023460
-0.005757,0.009097,0.012828
-0.027501,0.027047,0.030972
0.045114,-0.030611,-0.013179
0.021969,-0.013631,-0.004057
-0.024320,0.020329,0.014187
0.019035,0.001680,0.012021
0.040713,-0.007644,0.010938
-0.003951,-0.015556,-0.012352
-0.005118,-0.001514,0.000245
-0.007452,0.026571,0.025440
0.018546,-0.010874,-0.012075
0.031545,-0.029597,-0.030833
-0.031156,0.011360,0.031260
-0.011858,0.010380,0.009984
0.026739,0.008419,-0.032567
0.007726,-0.014891,0.003380
-0.001780,-0.026546,0.021354
-0.007778,0.033966,-0.010432
0.004082,0.012958,-0.013329
0.027803,-0.029059,-0.019122
0.005396,0.004412,0.012045
-0.005808,0.021148,0.027629
0.008938,-0.003261,-0.048137
0.012790,-0.006001,-0.020078
0.020495,-0.011480,0.036040
0.001853,0.011883,-0.008480
-0.007469,0.023565,-0.030740
0.037753,-0.045031,0.011866
0.015989,-0.017590,0.004525
-0.027537,0.037293,-0.010158
0.019917,-0.006502,0.001341
0.043643,-0.028399,0.007090
-0.049021,0.016248,-0.001761
-0.019603,0.004941,0.001919
0.039232,-0.017672,0.009279
-0.002955,0.008719,-0.001062
-0.024048,0.021915,-0.006232
0.022927,-0.028558,0.018076
0.006948,-0.005080,0.002421
-0.025010,0.041874,-0.028891
-0.003663,-0.013482,0.013431
0.007010,-0.041160,0.034592
0.011665,0.043166,-0.028641
0.003837,0.015050,-0.006107
-0.011820,-0.041183,0.038960
0.007159,0.009436,-0.009235
0.016649,0.034745,-0.033333
-0.010238,-0.020098,0.047048
-0.005369,-0.006316,0.018120
0.004370,0.021247,-0.039736
0.013556,-0.001068,0.013812
0.018148,-0.012226,0.040585
-0.042719,0.002041,-0.020397
-0.012326,0.003441,-0.009464
0.048461,0.006242,0.012403
-0.017023,-0.005652,0.007638
-0.049765,-0.011600,0.005255
0.042119,0.021292,-0.008116
0.015195,0.003063,0.002957
0.000000,0.000000,0.000000
0.038653,0.033395,-0.025103
